user_id,date,category,amount
1,2025-04-06,Bills,88.52
1,2025-04-18,Entertainment,417.8
1,2025-04-13,Grocery,87.66
1,2025-04-21,Shopping,237.35
1,2025-04-07,Bills,451.88
1,2025-04-07,Travel,412.54
1,2025-04-19,Rent,1536.18
1,2025-04-03,Bills,89.99
1,2025-04-21,Transport,502.82
1,2025-04-05,Dining,385.13
1,2025-04-16,Dining,245.17
1,2025-04-19,Shopping,396.23
1,2025-04-09,Rent,2046.4
1,2025-04-24,Travel,397.14
1,2025-04-26,Dining,216.19
1,2025-04-07,Shopping,159.48
1,2025-04-07,Entertainment,118.99
1,2025-04-10,Travel,441.37
1,2025-04-01,Transport,263.72
1,2025-04-01,Shopping,93.32
1,2025-04-18,Dining,396.92
1,2025-04-12,Dining,139.16
1,2025-04-02,Bills,216.86
1,2025-04-04,Bills,502.49
1,2025-04-23,Grocery,245.47
1,2025-04-26,Dining,419.61
1,2025-03-18,Rent,1133.9
1,2025-03-26,Entertainment,179.11
1,2025-03-26,Grocery,264.36
1,2025-03-03,Shopping,357.82
1,2025-03-04,Rent,1015.9
1,2025-03-11,Bills,200.93
1,2025-03-23,Travel,375.28
1,2025-03-26,Rent,1629.76
1,2025-03-13,Dining,306.67
1,2025-03-07,Grocery,190.77
1,2025-03-21,Travel,227.37
1,2025-03-27,Dining,369.41
1,2025-03-24,Grocery,172.6
1,2025-03-14,Shopping,248.4
1,2025-03-11,Bills,284.98
1,2025-03-11,Grocery,240.83
1,2025-03-15,Travel,272.34
1,2025-03-21,Travel,112.87
1,2025-03-19,Transport,152.31
1,2025-03-20,Grocery,56.31
1,2025-03-16,Bills,198.69
1,2025-01-28,Entertainment,660.29
1,2025-01-29,Rent,4155.48
1,2025-01-30,Travel,1159.41
1,2025-01-30,Dining,155.54
1,2025-01-28,Entertainment,301.28
1,2025-01-29,Dining,272.39
1,2025-01-30,Travel,846.15
1,2025-01-30,Transport,645.03
1,2025-01-28,Grocery,819.94
1,2025-01-30,Shopping,977.46
1,2025-01-29,Grocery,893.7
1,2025-01-29,Entertainment,454.86
1,2025-01-29,Shopping,305.21
1,2025-01-29,Rent,2973.81
1,2025-01-30,Shopping,1072.6
1,2025-01-28,Travel,155.85
1,2025-01-30,Shopping,1115.89
1,2025-01-25,Dining,837.28
1,2025-01-28,Shopping,1759.93
1,2025-01-04,Transport,313.88
1,2025-01-20,Grocery,950.57
1,2025-01-17,Transport,1948.16
1,2025-01-22,Entertainment,433.64
1,2025-01-26,Bills,1395.96
1,2025-01-15,Bills,1170.18
1,2025-01-26,Travel,1203.15
1,2025-01-04,Entertainment,259.61
1,2025-01-06,Travel,591.31
1,2025-01-11,Rent,7697.56
1,2025-01-08,Bills,554.85
1,2025-01-07,Shopping,560.51
1,2025-01-12,Travel,1255.77
1,2025-01-15,Shopping,684.73
1,2025-01-25,Entertainment,703.78
1,2025-01-18,Grocery,1207.37
1,2024-12-19,Rent,3060.38
1,2024-12-13,Bills,364.33
1,2024-12-23,Rent,2802.35
1,2024-12-23,Bills,651.46
1,2024-12-15,Bills,294.6
1,2024-12-11,Dining,526.38
1,2024-12-27,Shopping,655.83
1,2024-12-08,Bills,702.79
1,2024-12-12,Shopping,574.24
1,2024-12-03,Shopping,179.34
1,2024-12-26,Shopping,423.51
1,2024-12-22,Rent,3210.46
1,2024-12-24,Grocery,159.24
1,2024-12-17,Entertainment,138.7
1,2024-12-27,Transport,713.66
1,2024-12-04,Bills,594.32
1,2024-12-15,Transport,211.92
1,2024-12-06,Bills,686.76
1,2024-12-11,Shopping,422.28
1,2024-12-27,Rent,3476.66
1,2024-12-21,Transport,546.12
1,2024-12-17,Dining,327.09
1,2024-12-15,Dining,479.07
1,2024-11-26,Transport,713.21
1,2024-11-12,Entertainment,816.43
1,2024-11-16,Shopping,859.92
1,2024-11-14,Bills,589.12
1,2024-11-09,Shopping,865.14
1,2024-11-02,Shopping,708.89
1,2024-11-26,Dining,721.47
1,2024-11-19,Rent,5320.88
1,2024-11-17,Grocery,222.21
1,2024-11-22,Dining,726.67
1,2024-11-06,Travel,142.09
1,2024-11-09,Transport,966.87
1,2024-11-08,Travel,458.81
1,2024-11-22,Entertainment,745.85
1,2024-11-04,Entertainment,731.93
1,2024-11-16,Shopping,111.89
1,2024-11-16,Rent,3340.68
1,2024-11-11,Grocery,353.0
1,2024-11-03,Transport,603.72
1,2024-11-13,Dining,556.61
1,2024-11-18,Dining,838.76
1,2024-11-05,Shopping,573.22
2,2025-04-15,Entertainment,237.52
2,2025-04-27,Rent,1908.47
2,2025-04-10,Bills,61.8
2,2025-04-03,Bills,191.77
2,2025-04-16,Grocery,118.62
2,2025-04-05,Transport,345.65
2,2025-04-01,Rent,1731.81
2,2025-04-06,Entertainment,142.89
2,2025-04-15,Entertainment,198.72
2,2025-04-09,Shopping,160.92
2,2025-04-23,Transport,53.95
2,2025-04-08,Grocery,201.4
2,2025-04-12,Bills,126.75
2,2025-04-03,Travel,81.59
2,2025-04-02,Shopping,273.5
2,2025-04-26,Travel,283.05
2,2025-04-07,Travel,359.32
2,2025-04-26,Entertainment,301.48
2,2025-04-07,Shopping,235.7
2,2025-03-08,Grocery,120.95
2,2025-03-19,Rent,1102.49
2,2025-03-02,Dining,124.49
2,2025-03-12,Transport,280.83
2,2025-03-03,Grocery,156.75
2,2025-03-04,Rent,1482.58
2,2025-03-25,Shopping,41.79
2,2025-03-25,Entertainment,260.74
2,2025-03-09,Rent,1404.88
2,2025-03-27,Rent,1196.69
2,2025-03-11,Transport,208.7
2,2025-03-13,Transport,147.13
2,2025-03-11,Shopping,312.37
2,2025-03-24,Grocery,309.48
2,2025-03-20,Grocery,181.01
2,2025-03-18,Dining,91.49
2,2025-03-09,Dining,317.68
2,2025-03-20,Bills,135.6
2,2025-03-02,Dining,88.74
2,2025-03-02,Transport,247.47
2,2025-01-30,Dining,256.72
2,2025-01-28,Transport,580.17
2,2025-01-28,Transport,553.48
2,2025-01-30,Dining,333.93
2,2025-01-29,Grocery,590.52
2,2025-01-29,Grocery,557.05
2,2025-01-30,Transport,595.01
2,2025-01-30,Shopping,736.29
2,2025-01-28,Transport,240.75
2,2025-01-28,Travel,539.65
2,2025-01-28,Dining,209.28
2,2025-01-30,Entertainment,727.71
2,2025-01-29,Entertainment,397.48
2,2025-01-30,Bills,457.13
2,2025-01-30,Dining,505.28
2,2025-01-29,Transport,559.89
2,2025-01-30,Grocery,508.07
2,2025-01-28,Grocery,591.01
2,2025-01-30,Travel,693.37
2,2025-01-28,Transport,702.19
2,2025-01-30,Rent,2581.32
2,2025-01-28,Rent,3075.81
2,2025-01-29,Dining,600.18
2,2025-01-30,Transport,337.56
2,2025-01-29,Dining,98.89
2,2025-01-28,Rent,2017.57
2,2025-01-14,Transport,255.55
2,2025-01-09,Travel,45.21
2,2025-01-03,Rent,1148.24
2,2025-01-10,Shopping,232.58
2,2025-01-24,Grocery,115.12
2,2025-01-13,Rent,830.29
2,2025-01-25,Bills,79.47
2,2025-01-23,Dining,116.23
2,2025-01-02,Transport,191.05
2,2025-01-12,Grocery,106.49
2,2025-01-23,Shopping,122.29
2,2025-01-05,Grocery,279.83
2,2025-01-08,Rent,1221.46
2,2025-01-01,Transport,151.52
2,2025-01-14,Travel,258.31
2,2025-01-09,Entertainment,215.08
2,2025-01-17,Rent,1109.4
2,2025-01-14,Rent,1403.35
2,2025-01-17,Grocery,269.24
2,2025-01-27,Entertainment,62.73
2,2025-01-24,Bills,258.41
2,2025-01-04,Dining,43.45
2,2025-01-21,Transport,105.57
2,2025-01-15,Grocery,74.92
2,2025-01-20,Transport,260.67
2,2025-01-11,Shopping,133.66
2,2025-01-20,Entertainment,288.56
2,2024-12-13,Bills,222.92
2,2024-12-24,Transport,84.9
2,2024-12-12,Bills,342.07
2,2024-12-23,Shopping,450.27
2,2024-12-26,Travel,85.64
2,2024-12-14,Travel,152.46
2,2024-12-24,Travel,226.62
2,2024-12-22,Rent,2210.48
2,2024-12-13,Grocery,337.27
2,2024-12-13,Grocery,290.66
2,2024-12-08,Dining,273.95
2,2024-12-24,Bills,368.15
2,2024-12-17,Transport,77.44
2,2024-12-10,Shopping,310.84
2,2024-12-12,Rent,2489.82
2,2024-12-25,Shopping,304.77
2,2024-12-07,Shopping,71.77
2,2024-12-27,Entertainment,177.89
2,2024-12-20,Rent,1852.56
2,2024-12-08,Bills,84.97
2,2024-12-13,Entertainment,258.1
2,2024-12-22,Bills,386.01
2,2024-12-20,Travel,408.21
2,2024-12-15,Dining,145.92
2,2024-12-06,Bills,165.46
2,2024-12-15,Bills,235.62
2,2024-12-20,Rent,2438.88
2,2024-11-18,Dining,730.91
2,2024-11-06,Entertainment,639.95
2,2024-11-17,Grocery,723.15
2,2024-11-16,Shopping,718.6
2,2024-11-14,Rent,2282.33
2,2024-11-24,Bills,480.59
2,2024-11-24,Shopping,739.83
2,2024-11-25,Transport,293.98
2,2024-11-16,Rent,2196.82
2,2024-11-22,Entertainment,716.99
2,2024-11-05,Rent,2107.37
2,2024-11-12,Travel,400.54
2,2024-11-21,Rent,2713.23
2,2024-11-08,Entertainment,534.95
2,2024-11-02,Entertainment,582.04
2,2024-11-25,Grocery,297.91
2,2024-11-08,Entertainment,757.28
2,2024-11-22,Dining,658.45
2,2024-11-23,Dining,696.91
2,2024-11-24,Rent,3624.63
2,2024-11-18,Grocery,94.81
3,2025-04-10,Dining,719.36
3,2025-04-17,Entertainment,482.07
3,2025-04-10,Shopping,426.77
3,2025-04-16,Bills,350.81
3,2025-04-02,Grocery,89.1
3,2025-04-20,Rent,3078.71
3,2025-04-17,Shopping,400.45
3,2025-04-11,Bills,682.06
3,2025-04-03,Bills,228.14
3,2025-04-14,Grocery,528.65
3,2025-04-02,Dining,645.96
3,2025-04-04,Travel,234.51
3,2025-04-27,Travel,650.73
3,2025-04-18,Transport,625.37
3,2025-04-07,Grocery,480.37
3,2025-04-26,Rent,2674.39
3,2025-04-25,Dining,165.68
3,2025-04-15,Travel,257.32
3,2025-04-19,Grocery,277.56
3,2025-04-09,Entertainment,208.89
3,2025-04-26,Dining,301.06
3,2025-04-13,Transport,550.11
3,2025-04-14,Rent,2149.25
3,2025-04-20,Shopping,297.02
3,2025-04-02,Transport,242.36
3,2025-04-09,Dining,514.09
3,2025-04-11,Bills,396.17
3,2025-03-21,Travel,1395.06
3,2025-03-05,Rent,7882.64
3,2025-03-16,Shopping,1652.55
3,2025-03-26,Shopping,1884.39
3,2025-03-06,Entertainment,1532.51
3,2025-03-07,Travel,991.76
3,2025-03-05,Dining,1295.71
3,2025-03-25,Entertainment,1637.27
3,2025-03-09,Shopping,389.45
3,2025-03-19,Bills,666.86
3,2025-03-27,Transport,1246.96
3,2025-03-06,Grocery,798.94
3,2025-03-28,Bills,312.83
3,2025-03-02,Bills,551.14
3,2025-03-02,Bills,818.63
3,2025-03-06,Travel,853.49
3,2025-03-23,Bills,340.91
3,2025-03-20,Entertainment,675.1
3,2025-01-30,Grocery,240.65
3,2025-01-28,Travel,451.27
3,2025-01-29,Shopping,377.37
3,2025-01-28,Bills,462.73
3,2025-01-29,Rent,2260.09
3,2025-01-31,Transport,164.84
3,2025-01-30,Transport,335.56
3,2025-01-28,Grocery,219.14
3,2025-01-30,Bills,180.19
3,2025-01-28,Grocery,169.77
3,2025-01-28,Transport,246.59
3,2025-01-29,Bills,142.85
3,2025-01-28,Travel,211.83
3,2025-01-30,Bills,461.96
3,2025-01-29,Entertainment,370.12
3,2025-01-30,Rent,2016.41
3,2025-01-30,Travel,225.44
3,2025-01-30,Shopping,218.96
3,2025-01-28,Rent,1840.19
3,2025-01-31,Bills,351.75
3,2025-01-28,Dining,280.89
3,2025-01-31,Bills,153.56
3,2025-01-07,Transport,148.25
3,2025-01-24,Grocery,303.92
3,2025-01-15,Dining,357.08
3,2025-01-08,Dining,80.46
3,2025-01-11,Entertainment,399.38
3,2025-01-12,Grocery,367.59
3,2025-01-11,Travel,255.64
3,2025-01-25,Dining,413.93
3,2025-01-12,Grocery,212.43
3,2025-01-23,Grocery,319.82
3,2025-01-18,Transport,176.19
3,2025-01-13,Rent,2025.68
3,2025-01-17,Entertainment,173.94
3,2025-01-27,Shopping,142.97
3,2025-01-15,Dining,136.68
3,2025-01-14,Rent,1449.33
3,2025-01-15,Transport,287.11
3,2025-01-05,Entertainment,358.0
3,2025-01-22,Dining,46.92
3,2025-01-22,Bills,211.88
3,2025-01-26,Bills,159.57
3,2025-01-14,Bills,406.64
3,2025-01-15,Dining,110.39
3,2025-01-12,Entertainment,258.78
3,2025-01-24,Dining,292.69
3,2025-01-15,Shopping,70.99
3,2025-01-05,Dining,333.64
3,2024-12-07,Entertainment,132.78
3,2024-12-12,Transport,501.03
3,2024-12-02,Entertainment,62.33
3,2024-12-27,Transport,368.15
3,2024-12-17,Entertainment,178.54
3,2024-12-25,Entertainment,170.71
3,2024-12-16,Bills,525.18
3,2024-12-14,Travel,189.82
3,2024-12-06,Entertainment,278.72
3,2024-12-21,Travel,256.73
3,2024-12-11,Entertainment,256.99
3,2024-12-11,Bills,463.98
3,2024-12-06,Rent,1772.46
3,2024-12-07,Shopping,489.56
3,2024-12-24,Bills,463.27
3,2024-12-08,Rent,2371.68
3,2024-12-16,Transport,122.09
3,2024-12-14,Rent,2042.68
3,2024-12-20,Dining,256.54
3,2024-12-25,Entertainment,231.86
3,2024-12-05,Transport,495.55
3,2024-12-22,Grocery,75.01
3,2024-12-27,Dining,374.93
3,2024-12-08,Rent,1786.01
3,2024-12-16,Dining,293.35
3,2024-12-06,Rent,2387.48
3,2024-12-25,Shopping,352.84
3,2024-11-02,Dining,736.67
3,2024-11-12,Travel,672.63
3,2024-11-25,Transport,621.77
3,2024-11-18,Transport,723.05
3,2024-11-03,Grocery,358.93
3,2024-11-20,Entertainment,775.21
3,2024-11-08,Entertainment,89.21
3,2024-11-14,Entertainment,614.48
3,2024-11-22,Dining,273.18
3,2024-11-11,Rent,3731.28
3,2024-11-06,Rent,3042.83
3,2024-11-12,Travel,716.34
3,2024-11-05,Shopping,741.25
3,2024-11-03,Entertainment,148.93
3,2024-11-09,Bills,211.72
3,2024-11-16,Bills,481.63
3,2024-11-12,Shopping,116.69
3,2024-11-17,Travel,493.07
4,2025-04-04,Shopping,604.48
4,2025-04-09,Rent,3973.21
4,2025-04-17,Dining,816.29
4,2025-04-02,Dining,521.9
4,2025-04-24,Dining,1080.4
4,2025-04-09,Travel,243.12
4,2025-04-18,Grocery,710.53
4,2025-04-01,Transport,722.93
4,2025-04-06,Travel,790.69
4,2025-04-20,Travel,552.11
4,2025-04-11,Rent,5575.8
4,2025-04-10,Entertainment,1160.88
4,2025-04-16,Bills,259.2
4,2025-04-18,Travel,947.81
4,2025-04-02,Shopping,362.18
4,2025-04-04,Travel,582.61
4,2025-03-14,Shopping,360.63
4,2025-03-14,Rent,2097.86
4,2025-03-22,Transport,272.66
4,2025-03-07,Grocery,260.61
4,2025-03-07,Rent,1145.52
4,2025-03-21,Grocery,237.3
4,2025-03-13,Travel,97.3
4,2025-03-19,Bills,342.92
4,2025-03-25,Shopping,93.59
4,2025-03-20,Dining,368.3
4,2025-03-19,Rent,1996.59
4,2025-03-17,Grocery,269.16
4,2025-03-10,Bills,394.14
4,2025-03-24,Entertainment,124.31
4,2025-03-04,Entertainment,417.82
4,2025-03-10,Travel,389.88
4,2025-03-05,Entertainment,389.83
4,2025-03-19,Rent,1355.85
4,2025-03-04,Rent,1627.14
4,2025-03-04,Transport,392.92
4,2025-03-16,Bills,167.43
4,2025-03-02,Bills,131.33
4,2025-03-21,Entertainment,374.15
4,2025-03-23,Entertainment,378.13
4,2025-03-04,Rent,2169.36
4,2025-03-03,Travel,335.24
4,2025-03-15,Bills,288.06
4,2025-03-13,Shopping,419.82
4,2025-03-14,Shopping,163.08
4,2025-03-17,Transport,197.32
4,2025-01-30,Grocery,626.11
4,2025-01-29,Entertainment,430.88
4,2025-01-29,Shopping,459.93
4,2025-01-30,Bills,569.12
4,2025-01-28,Travel,351.98
4,2025-01-28,Bills,568.72
4,2025-01-30,Rent,2492.55
4,2025-01-28,Grocery,411.95
4,2025-01-28,Travel,487.55
4,2025-01-29,Grocery,359.78
4,2025-01-30,Transport,192.36
4,2025-01-28,Rent,2452.62
4,2025-01-29,Entertainment,366.82
4,2025-01-29,Transport,291.86
4,2025-01-28,Rent,2876.05
4,2025-01-29,Transport,397.39
4,2025-01-29,Entertainment,445.55
4,2025-01-28,Bills,89.8
4,2025-01-30,Entertainment,347.02
4,2025-01-28,Bills,293.75
4,2025-01-28,Transport,145.56
4,2025-01-28,Dining,442.07
4,2025-01-28,Rent,2627.76
4,2025-01-28,Dining,66.33
4,2025-01-30,Grocery,299.05
4,2025-01-30,Travel,449.16
4,2025-01-28,Entertainment,425.18
4,2025-01-30,Transport,287.5
4,2025-01-28,Shopping,202.99
4,2025-01-04,Transport,344.84
4,2025-01-04,Shopping,390.1
4,2025-01-17,Rent,2188.95
4,2025-01-11,Rent,2526.61
4,2025-01-13,Rent,1838.88
4,2025-01-09,Rent,2345.06
4,2025-01-27,Travel,387.3
4,2025-01-14,Bills,108.98
4,2025-01-04,Transport,357.76
4,2025-01-07,Entertainment,78.83
4,2025-01-07,Grocery,341.8
4,2025-01-18,Travel,183.61
4,2025-01-24,Shopping,88.72
4,2025-01-17,Shopping,97.79
4,2025-01-02,Grocery,137.82
4,2024-12-10,Rent,2089.02
4,2024-12-13,Shopping,258.39
4,2024-12-02,Bills,432.68
4,2024-12-04,Rent,2287.05
4,2024-12-10,Transport,331.3
4,2024-12-02,Bills,438.88
4,2024-12-15,Bills,407.41
4,2024-12-06,Dining,616.7
4,2024-12-02,Shopping,646.96
4,2024-12-10,Bills,396.34
4,2024-12-16,Grocery,134.43
4,2024-12-06,Transport,413.69
4,2024-12-19,Transport,581.59
4,2024-12-10,Transport,315.32
4,2024-12-19,Transport,158.1
4,2024-12-12,Rent,2733.55
4,2024-12-21,Dining,420.6
4,2024-12-24,Shopping,243.25
4,2024-12-07,Travel,623.04
4,2024-12-21,Travel,361.89
4,2024-12-05,Dining,70.56
4,2024-12-08,Bills,610.77
4,2024-12-06,Bills,506.26
4,2024-12-25,Entertainment,486.8
4,2024-12-14,Grocery,553.86
4,2024-12-14,Rent,2512.96
4,2024-11-14,Shopping,1680.61
4,2024-11-27,Entertainment,250.13
4,2024-11-25,Shopping,1692.13
4,2024-11-02,Transport,753.03
4,2024-11-05,Rent,6303.13
4,2024-11-11,Entertainment,1198.39
4,2024-11-25,Transport,956.81
4,2024-11-17,Dining,1401.72
4,2024-11-18,Bills,579.16
4,2024-11-03,Bills,1108.16
4,2024-11-02,Travel,1798.81
4,2024-11-06,Dining,1983.31
4,2024-11-18,Bills,1234.76
4,2024-11-10,Grocery,1948.85
4,2024-11-24,Dining,563.98
5,2025-04-24,Travel,471.94
5,2025-04-15,Entertainment,389.9
5,2025-04-10,Rent,1789.47
5,2025-04-19,Transport,180.39
5,2025-04-03,Dining,172.99
5,2025-04-14,Dining,358.47
5,2025-04-06,Dining,597.28
5,2025-04-01,Travel,235.63
5,2025-04-20,Grocery,262.6
5,2025-04-06,Rent,2525.81
5,2025-04-23,Rent,1758.55
5,2025-04-01,Rent,2113.18
5,2025-04-04,Rent,2459.74
5,2025-04-16,Travel,336.35
5,2025-04-17,Shopping,499.8
5,2025-04-07,Shopping,404.85
5,2025-04-09,Grocery,453.74
5,2025-04-11,Rent,2101.39
5,2025-04-25,Dining,131.07
5,2025-04-24,Rent,2729.11
5,2025-04-08,Rent,2907.66
5,2025-04-06,Grocery,319.42
5,2025-03-26,Transport,1124.03
5,2025-03-16,Travel,1151.95
5,2025-03-09,Bills,674.54
5,2025-03-12,Shopping,1311.81
5,2025-03-13,Dining,626.27
5,2025-03-05,Grocery,290.42
5,2025-03-26,Transport,732.05
5,2025-03-08,Grocery,848.9
5,2025-03-08,Grocery,1030.48
5,2025-03-20,Shopping,1066.55
5,2025-03-17,Transport,1102.99
5,2025-03-17,Bills,893.68
5,2025-03-22,Travel,952.38
5,2025-03-09,Travel,1058.91
5,2025-03-22,Shopping,1000.5
5,2025-03-13,Rent,5731.5
5,2025-01-29,Travel,430.95
5,2025-01-28,Grocery,618.27
5,2025-01-30,Shopping,410.54
5,2025-01-30,Shopping,526.43
5,2025-01-28,Entertainment,330.78
5,2025-01-29,Dining,555.03
5,2025-01-28,Dining,197.04
5,2025-01-28,Bills,631.87
5,2025-01-29,Bills,201.99
5,2025-01-30,Transport,444.87
5,2025-01-28,Rent,2658.75
5,2025-01-29,Travel,619.1
5,2025-01-29,Entertainment,648.25
5,2025-01-29,Dining,199.34
5,2025-01-29,Entertainment,555.22
5,2025-01-30,Bills,183.29
5,2025-01-30,Transport,254.98
5,2025-01-30,Rent,2992.53
5,2025-01-28,Travel,78.02
5,2025-01-30,Travel,265.59
5,2025-01-30,Grocery,407.95
5,2025-01-29,Dining,451.02
5,2025-01-28,Entertainment,338.3
5,2025-01-28,Grocery,236.94
5,2025-01-15,Shopping,520.29
5,2025-01-16,Bills,367.1
5,2025-01-12,Rent,5395.32
5,2025-01-03,Shopping,180.13
5,2025-01-19,Entertainment,549.56
5,2025-01-15,Rent,5560.42
5,2025-01-20,Entertainment,561.79
5,2025-01-19,Grocery,318.78
5,2025-01-18,Transport,714.09
5,2025-01-13,Rent,4111.29
5,2025-01-25,Travel,426.46
5,2025-01-07,Entertainment,1049.54
5,2025-01-28,Dining,307.79
5,2025-01-18,Shopping,172.42
5,2025-01-18,Transport,932.3
5,2025-01-22,Transport,1097.61
5,2024-12-06,Entertainment,489.22
5,2024-12-02,Grocery,481.0
5,2024-12-03,Entertainment,581.33
5,2024-12-15,Shopping,650.89
5,2024-12-16,Grocery,298.09
5,2024-12-25,Travel,168.85
5,2024-12-08,Entertainment,510.07
5,2024-12-03,Travel,240.33
5,2024-12-25,Rent,2414.37
5,2024-12-05,Grocery,477.12
5,2024-12-12,Shopping,91.7
5,2024-12-11,Shopping,404.74
5,2024-12-09,Grocery,237.05
5,2024-12-18,Shopping,248.79
5,2024-12-20,Grocery,677.56
5,2024-12-16,Transport,306.29
5,2024-12-06,Travel,226.9
5,2024-12-12,Dining,685.92
5,2024-12-12,Grocery,102.16
5,2024-11-15,Grocery,141.9
5,2024-11-20,Rent,2039.65
5,2024-11-10,Shopping,589.82
5,2024-11-25,Grocery,389.45
5,2024-11-09,Transport,413.95
5,2024-11-13,Shopping,630.82
5,2024-11-17,Dining,595.71
5,2024-11-27,Grocery,116.58
5,2024-11-16,Dining,313.19
5,2024-11-18,Rent,2364.4
5,2024-11-25,Grocery,185.76
5,2024-11-04,Grocery,351.65
5,2024-11-12,Shopping,488.92
5,2024-11-02,Rent,2535.47
5,2024-11-15,Shopping,556.98
5,2024-11-13,Rent,1979.25
5,2024-11-26,Transport,201.69
5,2024-11-05,Dining,129.06
6,2025-04-25,Grocery,43.14
6,2025-04-24,Grocery,136.15
6,2025-04-01,Travel,50.48
6,2025-04-13,Rent,1122.58
6,2025-04-19,Rent,1045.96
6,2025-04-16,Travel,220.72
6,2025-04-16,Rent,827.39
6,2025-04-26,Grocery,119.98
6,2025-04-16,Shopping,169.09
6,2025-04-27,Transport,213.98
6,2025-04-11,Grocery,71.18
6,2025-04-20,Rent,961.19
6,2025-04-04,Shopping,234.52
6,2025-04-13,Transport,111.7
6,2025-04-18,Shopping,119.96
6,2025-04-17,Bills,153.6
6,2025-04-13,Bills,60.16
6,2025-04-16,Travel,116.0
6,2025-04-11,Rent,1149.3
6,2025-04-27,Travel,192.67
6,2025-04-08,Transport,36.32
6,2025-04-20,Transport,135.65
6,2025-04-20,Grocery,112.52
6,2025-04-22,Dining,150.43
6,2025-03-07,Travel,278.1
6,2025-03-15,Entertainment,736.9
6,2025-03-22,Entertainment,1135.74
6,2025-03-12,Shopping,569.35
6,2025-03-14,Grocery,755.65
6,2025-03-13,Grocery,753.22
6,2025-03-22,Dining,1430.36
6,2025-03-22,Bills,768.07
6,2025-03-02,Transport,172.45
6,2025-03-04,Dining,1140.11
6,2025-03-05,Travel,798.74
6,2025-03-25,Shopping,826.84
6,2025-03-16,Rent,4279.83
6,2025-03-22,Dining,1061.2
6,2025-03-04,Rent,6682.5
6,2025-03-23,Travel,843.66
6,2025-03-25,Dining,175.39
6,2025-03-25,Entertainment,1295.63
6,2025-01-30,Transport,607.56
6,2025-01-28,Dining,215.1
6,2025-01-30,Grocery,196.3
6,2025-01-29,Dining,153.83
6,2025-01-28,Entertainment,694.83
6,2025-01-30,Dining,266.86
6,2025-01-28,Entertainment,482.13
6,2025-01-30,Travel,193.27
6,2025-01-28,Dining,79.59
6,2025-01-28,Entertainment,549.65
6,2025-01-29,Bills,646.66
6,2025-01-29,Travel,362.55
6,2025-01-30,Entertainment,324.85
6,2025-01-29,Rent,2423.5
6,2025-01-28,Transport,145.06
6,2025-01-28,Travel,279.39
6,2025-01-28,Transport,238.31
6,2025-01-28,Travel,681.64
6,2025-01-30,Bills,376.53
6,2025-01-28,Bills,247.93
6,2025-01-28,Bills,367.54
6,2025-01-30,Shopping,318.2
6,2025-01-30,Dining,157.05
6,2025-01-29,Grocery,122.33
6,2025-01-30,Entertainment,128.23
6,2025-01-28,Rent,2552.54
6,2025-01-29,Transport,455.49
6,2025-01-30,Shopping,455.28
6,2025-01-05,Bills,316.98
6,2025-01-09,Travel,261.46
6,2025-01-04,Entertainment,276.66
6,2025-01-07,Travel,401.96
6,2025-01-15,Travel,343.01
6,2025-01-24,Entertainment,1021.0
6,2025-01-12,Dining,622.45
6,2025-01-01,Shopping,596.63
6,2025-01-09,Rent,3694.4
6,2025-01-24,Transport,948.08
6,2025-01-19,Entertainment,392.08
6,2025-01-23,Bills,319.07
6,2025-01-22,Travel,902.56
6,2025-01-17,Entertainment,135.9
6,2025-01-26,Rent,4877.68
6,2025-01-04,Grocery,195.65
6,2025-01-26,Shopping,575.77
6,2025-01-15,Rent,4520.61
6,2025-01-10,Shopping,428.23
6,2024-12-24,Shopping,1160.93
6,2024-12-26,Shopping,1305.89
6,2024-12-25,Dining,1143.34
6,2024-12-16,Grocery,939.85
6,2024-12-07,Grocery,795.89
6,2024-12-04,Shopping,1751.62
6,2024-12-23,Grocery,1800.16
6,2024-12-12,Dining,673.3
6,2024-12-20,Dining,1778.74
6,2024-12-09,Bills,1107.96
6,2024-12-04,Bills,643.59
6,2024-12-24,Shopping,367.16
6,2024-12-21,Grocery,868.99
6,2024-12-26,Grocery,991.15
6,2024-12-13,Entertainment,251.43
6,2024-11-15,Shopping,589.45
6,2024-11-11,Entertainment,135.06
6,2024-11-03,Shopping,145.06
6,2024-11-10,Grocery,976.08
6,2024-11-04,Bills,198.61
6,2024-11-04,Shopping,378.11
6,2024-11-19,Grocery,965.18
6,2024-11-14,Travel,134.87
6,2024-11-15,Bills,735.29
6,2024-11-23,Grocery,937.71
6,2024-11-06,Entertainment,805.51
6,2024-11-08,Travel,923.09
6,2024-11-26,Travel,513.96
6,2024-11-09,Entertainment,934.17
6,2024-11-02,Entertainment,746.86
6,2024-11-10,Grocery,227.44
6,2024-11-23,Rent,4603.1
6,2024-11-08,Travel,196.56
6,2024-11-19,Transport,921.25
6,2024-11-12,Bills,981.35
6,2024-11-23,Travel,450.22
6,2024-11-08,Dining,646.63
6,2024-11-27,Dining,337.05
6,2024-11-22,Grocery,547.47
6,2024-11-19,Shopping,440.52
6,2024-11-10,Rent,3962.24
6,2024-11-22,Bills,512.66
6,2024-11-27,Travel,849.94
6,2024-11-17,Entertainment,941.22
7,2025-04-13,Bills,102.19
7,2025-04-03,Grocery,435.33
7,2025-04-08,Transport,528.25
7,2025-04-18,Bills,94.35
7,2025-04-21,Dining,593.59
7,2025-04-15,Transport,207.91
7,2025-04-22,Dining,116.46
7,2025-04-14,Entertainment,178.48
7,2025-04-15,Entertainment,562.19
7,2025-04-12,Dining,295.91
7,2025-04-11,Dining,539.49
7,2025-04-19,Travel,505.81
7,2025-04-02,Transport,490.57
7,2025-04-11,Rent,3581.7
7,2025-04-25,Travel,457.63
7,2025-04-22,Rent,2875.22
7,2025-04-10,Entertainment,345.51
7,2025-04-25,Entertainment,302.93
7,2025-03-10,Grocery,313.04
7,2025-03-06,Shopping,319.88
7,2025-03-16,Grocery,211.02
7,2025-03-05,Entertainment,341.57
7,2025-03-02,Rent,1207.25
7,2025-03-09,Entertainment,107.35
7,2025-03-04,Entertainment,301.61
7,2025-03-15,Entertainment,344.58
7,2025-03-11,Transport,305.69
7,2025-03-20,Grocery,150.89
7,2025-03-08,Transport,94.35
7,2025-03-27,Transport,101.62
7,2025-03-02,Transport,243.94
7,2025-03-03,Bills,58.59
7,2025-03-09,Entertainment,76.97
7,2025-03-03,Shopping,160.59
7,2025-03-16,Grocery,367.22
7,2025-03-09,Transport,379.88
7,2025-03-15,Transport,229.4
7,2025-03-20,Entertainment,140.86
7,2025-03-06,Rent,1596.27
7,2025-03-14,Shopping,52.2
7,2025-03-27,Transport,393.87
7,2025-01-30,Entertainment,359.85
7,2025-01-30,Entertainment,219.08
7,2025-01-29,Travel,614.87
7,2025-01-28,Rent,3002.84
7,2025-01-29,Travel,392.72
7,2025-01-30,Dining,428.68
7,2025-01-28,Bills,403.31
7,2025-01-29,Entertainment,604.89
7,2025-01-29,Rent,2430.85
7,2025-01-31,Bills,75.01
7,2025-01-29,Grocery,454.31
7,2025-01-29,Transport,136.02
7,2025-01-30,Shopping,672.94
7,2025-01-28,Rent,2922.7
7,2025-01-28,Travel,632.44
7,2025-01-29,Grocery,301.42
7,2025-01-30,Entertainment,313.61
7,2025-01-30,Entertainment,362.74
7,2025-01-28,Transport,199.52
7,2025-01-28,Rent,1894.02
7,2025-01-30,Bills,70.35
7,2025-01-28,Grocery,137.99
7,2025-01-13,Rent,2154.45
7,2025-01-18,Grocery,112.71
7,2025-01-13,Grocery,394.17
7,2025-01-13,Dining,75.42
7,2025-01-09,Travel,515.53
7,2025-01-05,Grocery,220.51
7,2025-01-27,Transport,373.03
7,2025-01-17,Entertainment,233.64
7,2025-01-17,Shopping,602.04
7,2025-01-13,Bills,267.07
7,2025-01-17,Travel,140.7
7,2025-01-04,Transport,286.06
7,2025-01-05,Bills,266.84
7,2025-01-12,Transport,368.06
7,2025-01-21,Transport,423.74
7,2025-01-01,Dining,479.63
7,2025-01-20,Grocery,448.83
7,2025-01-09,Rent,1980.9
7,2025-01-19,Grocery,314.57
7,2025-01-26,Entertainment,73.53
7,2025-01-15,Shopping,198.8
7,2025-01-10,Entertainment,492.79
7,2025-01-25,Dining,414.16
7,2025-01-07,Transport,474.73
7,2025-01-22,Travel,209.64
7,2025-01-07,Entertainment,375.04
7,2025-01-13,Entertainment,484.5
7,2024-12-05,Transport,239.24
7,2024-12-11,Shopping,438.52
7,2024-12-25,Transport,693.38
7,2024-12-12,Travel,227.89
7,2024-12-06,Entertainment,467.05
7,2024-12-21,Rent,5469.25
7,2024-12-08,Transport,1060.18
7,2024-12-11,Entertainment,1133.22
7,2024-12-07,Bills,480.12
7,2024-12-19,Travel,641.27
7,2024-12-22,Rent,4793.25
7,2024-12-17,Travel,425.16
7,2024-12-15,Grocery,284.96
7,2024-12-22,Dining,624.23
7,2024-12-15,Shopping,569.94
7,2024-11-12,Rent,3545.34
7,2024-11-14,Dining,638.52
7,2024-11-23,Transport,151.52
7,2024-11-03,Shopping,691.81
7,2024-11-08,Shopping,531.4
7,2024-11-03,Shopping,433.69
7,2024-11-14,Grocery,324.76
7,2024-11-08,Transport,725.05
7,2024-11-20,Transport,179.1
7,2024-11-22,Grocery,694.52
7,2024-11-12,Grocery,298.67
7,2024-11-24,Transport,252.34
7,2024-11-13,Transport,491.25
7,2024-11-18,Transport,698.48
7,2024-11-17,Bills,211.07
7,2024-11-15,Bills,433.51
7,2024-11-15,Entertainment,336.32
7,2024-11-02,Transport,203.96
7,2024-11-07,Rent,3133.47
7,2024-11-05,Transport,613.73
7,2024-11-13,Grocery,712.06
7,2024-11-13,Grocery,586.62
7,2024-11-14,Rent,3091.78
7,2024-11-18,Dining,218.72
7,2024-11-11,Rent,1939.14
7,2024-11-12,Bills,149.74
8,2025-04-23,Travel,703.19
8,2025-04-12,Entertainment,770.6
8,2025-04-26,Bills,405.79
8,2025-04-01,Transport,203.56
8,2025-04-22,Travel,659.24
8,2025-04-05,Travel,712.48
8,2025-04-14,Entertainment,805.13
8,2025-04-02,Rent,2493.29
8,2025-04-01,Travel,480.33
8,2025-04-02,Travel,678.77
8,2025-04-01,Entertainment,773.39
8,2025-04-12,Dining,655.26
8,2025-04-08,Shopping,672.05
8,2025-04-06,Grocery,375.53
8,2025-04-28,Grocery,219.46
8,2025-04-21,Grocery,598.44
8,2025-04-07,Travel,396.2
8,2025-04-25,Transport,521.36
8,2025-03-18,Travel,368.68
8,2025-03-07,Travel,355.17
8,2025-03-16,Transport,709.84
8,2025-03-21,Entertainment,891.58
8,2025-03-05,Shopping,1264.52
8,2025-03-08,Transport,800.65
8,2025-03-05,Dining,1851.72
8,2025-03-14,Dining,522.93
8,2025-03-16,Travel,1280.51
8,2025-03-25,Rent,9790.22
8,2025-03-24,Bills,1432.41
8,2025-03-02,Travel,1102.89
8,2025-03-13,Entertainment,1527.14
8,2025-03-27,Shopping,1147.63
8,2025-03-12,Transport,421.01
8,2025-03-22,Bills,923.29
8,2025-03-22,Entertainment,450.09
8,2025-01-28,Travel,1646.13
8,2025-01-28,Grocery,1954.25
8,2025-01-30,Bills,1400.78
8,2025-01-29,Travel,469.31
8,2025-01-29,Shopping,928.57
8,2025-01-28,Grocery,1140.1
8,2025-01-28,Travel,1485.68
8,2025-01-29,Bills,289.7
8,2025-01-30,Transport,731.79
8,2025-01-30,Dining,885.92
8,2025-01-29,Shopping,1130.85
8,2025-01-30,Transport,738.87
8,2025-01-28,Bills,1343.29
8,2025-01-30,Bills,1018.73
8,2025-01-30,Entertainment,1582.78
8,2025-01-28,Dining,475.3
8,2025-01-28,Travel,1060.95
8,2025-01-28,Transport,323.2
8,2025-01-31,Travel,1903.61
8,2025-01-28,Transport,658.11
8,2025-01-13,Rent,3598.3
8,2025-01-26,Bills,836.6
8,2025-01-15,Transport,916.93
8,2025-01-08,Transport,613.47
8,2025-01-14,Grocery,635.06
8,2025-01-18,Travel,665.63
8,2025-01-15,Shopping,201.99
8,2025-01-15,Bills,672.48
8,2025-01-08,Dining,846.17
8,2025-01-18,Grocery,443.82
8,2025-01-15,Bills,211.55
8,2025-01-11,Entertainment,763.53
8,2025-01-24,Bills,709.31
8,2025-01-17,Bills,782.31
8,2025-01-03,Transport,902.92
8,2025-01-04,Transport,890.33
8,2024-12-26,Bills,705.77
8,2024-12-02,Bills,409.31
8,2024-12-27,Shopping,609.04
8,2024-12-09,Travel,677.45
8,2024-12-06,Dining,110.18
8,2024-12-12,Rent,3114.14
8,2024-12-09,Rent,2391.23
8,2024-12-13,Travel,463.23
8,2024-12-09,Entertainment,268.82
8,2024-12-19,Grocery,263.37
8,2024-12-27,Dining,625.5
8,2024-12-11,Grocery,382.89
8,2024-12-03,Shopping,570.17
8,2024-12-22,Grocery,257.92
8,2024-12-23,Travel,100.0
8,2024-12-19,Dining,670.8
8,2024-12-10,Entertainment,156.35
8,2024-12-21,Shopping,204.66
8,2024-12-08,Dining,328.58
8,2024-12-26,Shopping,289.19
8,2024-12-05,Grocery,167.98
8,2024-12-11,Dining,696.36
8,2024-12-02,Entertainment,339.35
8,2024-12-22,Entertainment,428.37
8,2024-12-13,Bills,273.87
8,2024-11-28,Shopping,145.93
8,2024-11-02,Transport,90.48
8,2024-11-03,Bills,186.82
8,2024-11-19,Shopping,468.47
8,2024-11-03,Shopping,198.39
8,2024-11-16,Rent,2199.15
8,2024-11-03,Shopping,389.98
8,2024-11-22,Grocery,373.52
8,2024-11-26,Dining,473.82
8,2024-11-18,Grocery,149.1
8,2024-11-13,Entertainment,301.55
8,2024-11-05,Transport,275.52
8,2024-11-27,Bills,249.26
8,2024-11-03,Dining,262.18
8,2024-11-08,Dining,269.49
8,2024-11-24,Rent,1614.79
8,2024-11-13,Travel,502.43
8,2024-11-16,Grocery,204.06
8,2024-11-22,Rent,2168.7
8,2024-11-04,Entertainment,408.12
8,2024-11-07,Travel,206.25
8,2024-11-10,Grocery,63.34
8,2024-11-17,Entertainment,433.92
8,2024-11-26,Dining,54.72
8,2024-11-09,Shopping,272.03
8,2024-11-21,Shopping,199.36
8,2024-11-25,Entertainment,284.91
9,2025-04-02,Shopping,425.0
9,2025-04-19,Shopping,444.6
9,2025-04-21,Entertainment,639.96
9,2025-04-01,Grocery,677.95
9,2025-04-25,Entertainment,343.61
9,2025-04-18,Grocery,596.78
9,2025-04-09,Transport,401.64
9,2025-04-16,Travel,128.74
9,2025-04-11,Rent,3492.68
9,2025-04-21,Transport,328.79
9,2025-04-01,Grocery,174.26
9,2025-04-05,Transport,215.56
9,2025-04-03,Bills,670.73
9,2025-04-16,Dining,721.89
9,2025-04-12,Dining,360.18
9,2025-04-17,Shopping,690.38
9,2025-04-22,Rent,3677.14
9,2025-03-02,Rent,1427.81
9,2025-03-23,Rent,1303.42
9,2025-03-19,Grocery,75.79
9,2025-03-09,Dining,58.02
9,2025-03-22,Dining,308.06
9,2025-03-17,Travel,75.76
9,2025-03-26,Grocery,171.21
9,2025-03-09,Shopping,350.09
9,2025-03-06,Shopping,346.71
9,2025-03-06,Bills,275.26
9,2025-03-10,Transport,324.48
9,2025-03-13,Entertainment,324.7
9,2025-03-24,Transport,365.8
9,2025-03-10,Travel,309.46
9,2025-03-03,Rent,1625.04
9,2025-03-16,Grocery,131.45
9,2025-03-10,Grocery,155.77
9,2025-03-19,Rent,1362.93
9,2025-03-24,Grocery,167.52
9,2025-03-09,Entertainment,94.77
9,2025-03-21,Travel,38.4
9,2025-03-26,Rent,1271.2
9,2025-03-12,Shopping,229.53
9,2025-03-25,Bills,180.02
9,2025-03-25,Dining,157.4
9,2025-03-18,Entertainment,204.12
9,2025-01-30,Shopping,130.95
9,2025-01-28,Dining,188.74
9,2025-01-28,Bills,26.51
9,2025-01-29,Rent,970.59
9,2025-01-29,Transport,246.97
9,2025-01-28,Shopping,35.01
9,2025-01-29,Grocery,182.41
9,2025-01-30,Grocery,113.09
9,2025-01-30,Rent,1290.77
9,2025-01-29,Bills,160.51
9,2025-01-30,Rent,669.19
9,2025-01-28,Rent,1002.9
9,2025-01-29,Rent,815.07
9,2025-01-28,Rent,1139.81
9,2025-01-28,Entertainment,49.65
9,2025-01-29,Travel,176.73
9,2025-01-28,Dining,52.5
9,2025-01-29,Dining,72.21
9,2025-01-30,Bills,66.38
9,2025-01-30,Travel,133.92
9,2025-01-29,Dining,42.04
9,2025-01-30,Entertainment,243.65
9,2025-01-30,Bills,255.04
9,2025-01-28,Travel,55.69
9,2025-01-30,Rent,1216.97
9,2025-01-28,Travel,203.44
9,2025-01-29,Travel,29.13
9,2025-01-28,Travel,57.77
9,2025-01-29,Bills,194.31
9,2025-01-07,Dining,519.81
9,2025-01-06,Travel,426.9
9,2025-01-08,Grocery,561.72
9,2025-01-04,Shopping,165.59
9,2025-01-06,Rent,2786.34
9,2025-01-09,Shopping,320.83
9,2025-01-20,Dining,335.89
9,2025-01-22,Transport,147.37
9,2025-01-18,Entertainment,574.26
9,2025-01-19,Rent,2235.16
9,2025-01-10,Shopping,255.62
9,2025-01-17,Shopping,477.95
9,2025-01-17,Entertainment,242.96
9,2025-01-09,Rent,3090.88
9,2025-01-18,Shopping,331.3
9,2025-01-26,Entertainment,76.29
9,2024-12-16,Entertainment,904.05
9,2024-12-23,Travel,368.09
9,2024-12-28,Bills,629.99
9,2024-12-16,Rent,4282.06
9,2024-12-02,Shopping,248.13
9,2024-12-09,Entertainment,152.91
9,2024-12-14,Grocery,320.96
9,2024-12-12,Rent,3606.71
9,2024-12-26,Shopping,660.41
9,2024-12-26,Travel,852.93
9,2024-12-13,Entertainment,269.58
9,2024-12-02,Entertainment,764.85
9,2024-12-02,Dining,451.51
9,2024-12-10,Rent,4458.87
9,2024-12-05,Shopping,599.6
9,2024-12-09,Shopping,924.14
9,2024-12-27,Travel,334.89
9,2024-12-23,Bills,164.24
9,2024-12-06,Bills,555.44
9,2024-12-12,Travel,584.44
9,2024-12-07,Dining,156.63
9,2024-12-26,Transport,919.94
9,2024-11-20,Shopping,696.42
9,2024-11-16,Transport,688.11
9,2024-11-08,Grocery,836.73
9,2024-11-08,Travel,826.23
9,2024-11-04,Rent,3020.27
9,2024-11-24,Transport,537.9
9,2024-11-03,Transport,1013.7
9,2024-11-17,Bills,319.2
9,2024-11-23,Bills,568.38
9,2024-11-05,Transport,621.04
9,2024-11-10,Entertainment,403.19
9,2024-11-06,Bills,949.78
9,2024-11-17,Shopping,808.95
9,2024-11-12,Grocery,1002.17
9,2024-11-25,Grocery,478.1
9,2024-11-10,Shopping,838.31
9,2024-11-16,Bills,574.59
10,2025-04-09,Travel,829.33
10,2025-04-26,Dining,475.07
10,2025-04-15,Entertainment,308.3
10,2025-04-20,Shopping,113.62
10,2025-04-19,Travel,895.8
10,2025-04-02,Bills,739.93
10,2025-04-03,Travel,480.77
10,2025-04-14,Entertainment,817.55
10,2025-04-06,Dining,753.07
10,2025-04-06,Entertainment,537.01
10,2025-04-09,Rent,3352.4
10,2025-04-19,Dining,299.79
10,2025-04-18,Grocery,432.34
10,2025-04-26,Travel,349.88
10,2025-04-12,Travel,750.86
10,2025-04-13,Bills,683.08
10,2025-04-19,Bills,460.61
10,2025-04-24,Dining,488.63
10,2025-04-20,Bills,296.81
10,2025-04-26,Shopping,577.26
10,2025-03-22,Rent,1332.61
10,2025-03-22,Shopping,117.39
10,2025-03-17,Grocery,200.58
10,2025-03-21,Entertainment,148.95
10,2025-03-25,Rent,1167.42
10,2025-03-25,Entertainment,193.48
10,2025-03-11,Bills,147.76
10,2025-03-17,Dining,253.92
10,2025-03-02,Transport,253.25
10,2025-03-18,Shopping,278.84
10,2025-03-17,Travel,84.43
10,2025-03-04,Entertainment,86.65
10,2025-03-15,Entertainment,229.22
10,2025-03-03,Entertainment,186.34
10,2025-03-27,Bills,259.16
10,2025-03-21,Travel,272.43
10,2025-03-06,Grocery,57.33
10,2025-03-12,Shopping,161.48
10,2025-03-13,Rent,1031.55
10,2025-03-04,Entertainment,93.43
10,2025-03-14,Grocery,221.82
10,2025-03-11,Transport,195.83
10,2025-03-27,Shopping,158.2
10,2025-03-11,Travel,132.37
10,2025-03-06,Rent,1080.0
10,2025-03-16,Transport,119.25
10,2025-03-27,Entertainment,206.75
10,2025-01-28,Dining,755.35
10,2025-01-28,Grocery,891.08
10,2025-01-30,Transport,430.64
10,2025-01-28,Travel,276.08
10,2025-01-28,Shopping,1013.14
10,2025-01-31,Grocery,844.63
10,2025-01-29,Entertainment,958.68
10,2025-01-30,Grocery,278.86
10,2025-01-29,Dining,368.66
10,2025-01-29,Shopping,1186.2
10,2025-01-29,Shopping,1084.6
10,2025-01-30,Shopping,1226.23
10,2025-01-30,Dining,157.53
10,2025-01-30,Dining,912.68
10,2025-01-29,Bills,871.84
10,2025-01-28,Bills,801.76
10,2025-01-28,Entertainment,824.08
10,2025-01-30,Travel,881.15
10,2025-01-29,Shopping,1017.1
10,2025-01-28,Entertainment,1033.09
10,2025-01-28,Transport,748.58
10,2025-01-30,Bills,236.57
10,2025-01-29,Transport,1243.19
10,2025-01-13,Dining,293.41
10,2025-01-24,Entertainment,311.7
10,2025-01-02,Transport,160.83
10,2025-01-03,Dining,104.25
10,2025-01-27,Shopping,269.37
10,2025-01-15,Rent,1488.65
10,2025-01-21,Travel,182.54
10,2025-01-21,Travel,259.53
10,2025-01-21,Bills,306.73
10,2025-01-19,Shopping,335.5
10,2025-01-26,Dining,70.19
10,2025-01-01,Rent,1448.66
10,2025-01-03,Grocery,205.91
10,2025-01-25,Entertainment,307.05
10,2025-01-10,Entertainment,311.89
10,2025-01-23,Rent,1351.47
10,2025-01-18,Dining,172.12
10,2025-01-04,Bills,56.87
10,2025-01-19,Grocery,253.23
10,2024-12-15,Travel,248.09
10,2024-12-02,Entertainment,217.49
10,2024-12-24,Grocery,315.24
10,2024-12-02,Bills,103.7
10,2024-12-23,Travel,468.35
10,2024-12-13,Entertainment,369.14
10,2024-12-23,Rent,1521.67
10,2024-12-07,Grocery,106.34
10,2024-12-14,Transport,233.37
10,2024-12-04,Grocery,428.48
10,2024-12-27,Grocery,146.84
10,2024-12-09,Grocery,264.1
10,2024-12-27,Dining,432.45
10,2024-12-13,Bills,160.19
10,2024-12-14,Travel,159.49
10,2024-12-17,Entertainment,473.95
10,2024-12-27,Shopping,69.8
10,2024-12-03,Travel,82.22
10,2024-12-22,Bills,370.48
10,2024-12-07,Bills,159.83
10,2024-12-21,Entertainment,193.33
10,2024-12-13,Dining,176.28
10,2024-12-09,Grocery,270.25
10,2024-12-06,Dining,496.79
10,2024-12-20,Rent,1795.41
10,2024-11-06,Bills,149.65
10,2024-11-02,Entertainment,134.79
10,2024-11-12,Transport,234.08
10,2024-11-16,Entertainment,262.17
10,2024-11-02,Travel,48.27
10,2024-11-11,Bills,178.56
10,2024-11-10,Travel,155.75
10,2024-11-09,Shopping,122.46
10,2024-11-12,Grocery,187.28
10,2024-11-24,Grocery,46.84
10,2024-11-09,Dining,254.4
10,2024-11-25,Travel,29.97
10,2024-11-18,Rent,801.75
10,2024-11-08,Grocery,115.66
10,2024-11-26,Travel,222.28
10,2024-11-14,Shopping,188.61
10,2024-11-21,Dining,231.01
10,2024-11-16,Transport,201.05
10,2024-11-24,Shopping,162.08
10,2024-11-12,Dining,58.19
10,2024-11-02,Bills,112.87
10,2024-11-03,Bills,176.38
10,2024-11-03,Bills,176.07
10,2024-11-25,Grocery,189.84
10,2024-11-11,Entertainment,275.24
10,2024-11-06,Rent,1340.76
10,2024-11-07,Dining,159.71
10,2024-11-21,Rent,1247.5
10,2024-11-09,Rent,1396.04
10,2024-11-13,Shopping,157.31
11,2025-04-11,Entertainment,70.21
11,2025-04-22,Entertainment,303.52
11,2025-04-15,Transport,418.28
11,2025-04-18,Dining,362.17
11,2025-04-24,Entertainment,353.93
11,2025-04-12,Shopping,405.54
11,2025-04-02,Rent,1195.42
11,2025-04-18,Bills,368.01
11,2025-04-13,Entertainment,415.89
11,2025-04-05,Rent,1815.27
11,2025-04-08,Travel,241.1
11,2025-04-11,Dining,98.08
11,2025-04-03,Dining,149.88
11,2025-04-08,Shopping,179.38
11,2025-04-25,Travel,61.3
11,2025-04-19,Shopping,394.28
11,2025-04-26,Grocery,181.39
11,2025-04-09,Rent,1255.15
11,2025-04-03,Transport,357.89
11,2025-04-15,Dining,451.98
11,2025-04-04,Rent,1683.04
11,2025-04-15,Dining,226.66
11,2025-04-07,Dining,247.2
11,2025-04-13,Dining,204.78
11,2025-04-20,Rent,1660.93
11,2025-03-05,Grocery,265.62
11,2025-03-16,Travel,711.29
11,2025-03-21,Entertainment,641.18
11,2025-03-24,Entertainment,622.56
11,2025-03-04,Rent,4211.62
11,2025-03-13,Shopping,1073.22
11,2025-03-05,Transport,1211.22
11,2025-03-09,Dining,898.45
11,2025-03-04,Bills,694.28
11,2025-03-23,Dining,412.99
11,2025-03-27,Dining,1202.41
11,2025-03-24,Transport,977.88
11,2025-03-24,Grocery,947.16
11,2025-03-07,Travel,809.85
11,2025-03-08,Dining,1053.04
11,2025-03-06,Grocery,266.03
11,2025-03-19,Bills,239.06
11,2025-03-16,Bills,213.72
11,2025-01-28,Shopping,219.32
11,2025-01-30,Rent,2854.56
11,2025-01-30,Bills,213.18
11,2025-01-30,Grocery,574.08
11,2025-01-29,Transport,116.71
11,2025-01-29,Entertainment,167.31
11,2025-01-29,Entertainment,441.76
11,2025-01-29,Entertainment,390.37
11,2025-01-28,Travel,208.86
11,2025-01-30,Rent,1871.19
11,2025-01-28,Entertainment,205.18
11,2025-01-28,Entertainment,165.9
11,2025-01-30,Transport,485.36
11,2025-01-30,Bills,242.55
11,2025-01-31,Entertainment,413.37
11,2025-01-29,Entertainment,279.76
11,2025-01-30,Travel,191.76
11,2025-01-28,Rent,2670.91
11,2025-01-28,Rent,2315.44
11,2025-01-28,Entertainment,263.99
11,2025-01-28,Bills,280.94
11,2025-01-30,Bills,57.92
11,2025-01-30,Rent,2555.08
11,2025-01-30,Transport,322.76
11,2025-01-28,Entertainment,511.46
11,2025-01-29,Dining,82.88
11,2025-01-31,Dining,551.59
11,2025-01-21,Travel,174.06
11,2025-01-19,Entertainment,659.44
11,2025-01-13,Rent,3125.06
11,2025-01-18,Travel,170.23
11,2025-01-17,Bills,554.21
11,2025-01-25,Rent,1838.27
11,2025-01-16,Dining,189.72
11,2025-01-08,Rent,1934.55
11,2025-01-15,Entertainment,183.44
11,2025-01-03,Travel,200.83
11,2025-01-07,Shopping,464.63
11,2025-01-01,Bills,419.13
11,2025-01-13,Bills,162.63
11,2025-01-10,Bills,473.29
11,2025-01-05,Shopping,126.82
11,2025-01-27,Dining,120.87
11,2025-01-22,Grocery,552.71
11,2024-12-20,Shopping,1134.91
11,2024-12-15,Bills,1519.45
11,2024-12-03,Bills,1842.16
11,2024-12-04,Dining,1365.09
11,2024-12-07,Entertainment,364.99
11,2024-12-04,Entertainment,1412.24
11,2024-12-04,Transport,1344.29
11,2024-12-21,Transport,1944.78
11,2024-12-25,Travel,1008.24
11,2024-12-27,Dining,1723.05
11,2024-12-16,Grocery,1329.59
11,2024-12-03,Transport,1014.59
11,2024-12-20,Dining,511.17
11,2024-12-18,Shopping,1522.1
11,2024-12-21,Bills,842.06
11,2024-12-24,Dining,1696.46
11,2024-12-12,Bills,1003.37
11,2024-11-18,Bills,619.83
11,2024-11-27,Shopping,694.4
11,2024-11-05,Travel,765.42
11,2024-11-10,Shopping,1358.7
11,2024-11-23,Dining,1631.89
11,2024-11-13,Shopping,1383.03
11,2024-11-24,Entertainment,465.51
11,2024-11-16,Shopping,1619.26
11,2024-11-10,Transport,648.08
11,2024-11-10,Travel,217.72
11,2024-11-21,Bills,772.45
11,2024-11-06,Shopping,616.34
11,2024-11-24,Shopping,1532.64
11,2024-11-20,Transport,362.04
11,2024-11-23,Rent,8302.26
11,2024-11-21,Bills,1465.13
11,2024-11-22,Bills,1441.63
11,2024-11-03,Entertainment,967.87
12,2025-04-27,Entertainment,332.05
12,2025-04-24,Bills,147.38
12,2025-04-03,Shopping,162.86
12,2025-04-07,Entertainment,298.75
12,2025-04-20,Travel,190.0
12,2025-04-18,Entertainment,339.14
12,2025-04-14,Shopping,255.95
12,2025-04-11,Dining,215.53
12,2025-04-22,Dining,311.51
12,2025-04-24,Entertainment,127.44
12,2025-04-24,Grocery,255.24
12,2025-04-20,Entertainment,126.86
12,2025-04-05,Dining,307.81
12,2025-04-25,Rent,1659.96
12,2025-04-15,Grocery,166.41
12,2025-04-22,Dining,214.03
12,2025-04-24,Travel,321.21
12,2025-04-09,Dining,64.29
12,2025-04-13,Rent,910.38
12,2025-04-27,Grocery,202.32
12,2025-04-16,Transport,232.44
12,2025-04-27,Travel,279.76
12,2025-04-27,Travel,319.37
12,2025-04-23,Bills,210.92
12,2025-04-07,Bills,108.87
12,2025-04-20,Shopping,145.19
12,2025-04-27,Rent,868.77
12,2025-04-10,Shopping,323.27
12,2025-04-16,Bills,262.22
12,2025-04-13,Grocery,245.99
12,2025-03-12,Transport,753.71
12,2025-03-24,Travel,1247.12
12,2025-03-21,Travel,591.95
12,2025-03-10,Transport,1272.51
12,2025-03-21,Grocery,1198.2
12,2025-03-20,Bills,1262.93
12,2025-03-27,Dining,731.58
12,2025-03-21,Shopping,616.49
12,2025-03-09,Shopping,859.68
12,2025-03-25,Grocery,492.19
12,2025-03-04,Dining,415.94
12,2025-03-17,Shopping,1392.94
12,2025-03-21,Dining,851.9
12,2025-03-03,Dining,1172.25
12,2025-03-10,Rent,4969.45
12,2025-03-17,Travel,562.39
12,2025-03-22,Entertainment,399.83
12,2025-03-07,Dining,153.16
12,2025-03-18,Shopping,210.45
12,2025-03-05,Dining,1292.36
12,2025-03-23,Travel,426.9
12,2025-03-18,Travel,409.85
12,2025-03-23,Transport,1319.99
12,2025-01-30,Entertainment,354.35
12,2025-01-29,Entertainment,522.82
12,2025-01-31,Travel,390.4
12,2025-01-29,Transport,102.79
12,2025-01-28,Transport,339.64
12,2025-01-30,Transport,625.38
12,2025-01-29,Rent,1825.97
12,2025-01-29,Entertainment,420.4
12,2025-01-30,Bills,324.28
12,2025-01-30,Rent,2946.42
12,2025-01-31,Travel,157.87
12,2025-01-28,Rent,1583.66
12,2025-01-28,Grocery,542.77
12,2025-01-30,Grocery,107.69
12,2025-01-30,Entertainment,291.43
12,2025-01-29,Rent,2581.48
12,2025-01-28,Shopping,116.09
12,2025-01-28,Transport,164.44
12,2025-01-29,Bills,187.61
12,2025-01-28,Grocery,514.14
12,2025-01-28,Bills,419.86
12,2025-01-28,Bills,256.01
12,2025-01-29,Entertainment,188.76
12,2025-01-29,Travel,201.12
12,2025-01-28,Entertainment,529.22
12,2025-01-28,Entertainment,371.64
12,2025-01-28,Shopping,531.58
12,2025-01-19,Bills,1201.18
12,2025-01-25,Shopping,1623.11
12,2025-01-19,Shopping,283.16
12,2025-01-25,Shopping,349.27
12,2025-01-27,Transport,585.36
12,2025-01-08,Grocery,314.66
12,2025-01-21,Transport,1391.75
12,2025-01-05,Transport,1570.76
12,2025-01-22,Transport,545.9
12,2025-01-19,Shopping,1152.92
12,2025-01-27,Grocery,1173.42
12,2025-01-08,Transport,1173.38
12,2025-01-20,Bills,1449.96
12,2025-01-07,Entertainment,1081.61
12,2025-01-23,Shopping,810.95
12,2025-01-17,Dining,1205.12
12,2025-01-11,Dining,352.91
12,2025-01-22,Shopping,1036.54
12,2025-01-18,Transport,925.37
12,2025-01-05,Transport,1195.87
12,2025-01-27,Shopping,1360.32
12,2025-01-03,Bills,535.34
12,2025-01-16,Travel,1374.67
12,2025-01-14,Grocery,1086.64
12,2025-01-14,Entertainment,894.0
12,2024-12-05,Grocery,217.2
12,2024-12-05,Entertainment,599.28
12,2024-12-04,Travel,613.62
12,2024-12-24,Dining,187.56
12,2024-12-03,Transport,614.69
12,2024-12-03,Grocery,766.19
12,2024-12-02,Entertainment,413.72
12,2024-12-27,Dining,148.3
12,2024-12-27,Dining,494.15
12,2024-12-13,Travel,542.98
12,2024-12-12,Rent,3588.35
12,2024-12-25,Grocery,102.63
12,2024-12-04,Shopping,636.88
12,2024-12-03,Entertainment,291.03
12,2024-12-17,Transport,253.43
12,2024-12-15,Travel,465.47
12,2024-12-11,Travel,525.92
12,2024-12-08,Grocery,631.08
12,2024-12-07,Grocery,357.55
12,2024-12-12,Shopping,398.46
12,2024-12-06,Shopping,205.36
12,2024-12-08,Entertainment,727.57
12,2024-12-05,Rent,2969.4
12,2024-11-11,Entertainment,317.87
12,2024-11-17,Travel,1336.51
12,2024-11-19,Transport,764.67
12,2024-11-23,Grocery,1145.43
12,2024-11-23,Bills,186.4
12,2024-11-16,Bills,883.61
12,2024-11-09,Bills,646.16
12,2024-11-10,Grocery,409.19
12,2024-11-14,Bills,887.36
12,2024-11-12,Dining,436.58
12,2024-11-19,Entertainment,440.03
12,2024-11-08,Bills,529.1
12,2024-11-05,Travel,1151.47
12,2024-11-22,Transport,635.89
12,2024-11-03,Entertainment,885.85
12,2024-11-11,Travel,544.81
12,2024-11-22,Dining,391.48
12,2024-11-09,Dining,475.71
12,2024-11-16,Transport,174.7
12,2024-11-09,Transport,862.22
12,2024-11-23,Rent,3495.8
12,2024-11-21,Entertainment,1070.2
13,2025-04-04,Bills,581.56
13,2025-04-13,Grocery,593.81
13,2025-04-21,Grocery,454.27
13,2025-04-09,Grocery,527.61
13,2025-04-23,Dining,506.27
13,2025-04-17,Rent,2106.95
13,2025-04-07,Rent,2201.75
13,2025-04-20,Transport,286.46
13,2025-04-04,Bills,570.75
13,2025-04-23,Bills,591.41
13,2025-04-16,Dining,306.02
13,2025-04-09,Rent,2831.39
13,2025-04-04,Entertainment,292.2
13,2025-04-23,Rent,2175.55
13,2025-04-05,Rent,2770.2
13,2025-04-08,Bills,471.88
13,2025-04-07,Bills,472.98
13,2025-04-02,Transport,461.02
13,2025-04-19,Shopping,593.03
13,2025-04-16,Travel,451.4
13,2025-04-14,Dining,436.33
13,2025-04-04,Entertainment,481.92
13,2025-04-09,Transport,161.29
13,2025-04-10,Bills,246.68
13,2025-04-11,Travel,275.26
13,2025-04-04,Transport,512.98
13,2025-04-15,Entertainment,452.8
13,2025-04-15,Bills,295.17
13,2025-03-18,Rent,2912.19
13,2025-03-23,Rent,1632.28
13,2025-03-14,Rent,2558.73
13,2025-03-13,Shopping,529.86
13,2025-03-13,Bills,550.34
13,2025-03-27,Transport,581.8
13,2025-03-18,Rent,2862.28
13,2025-03-02,Entertainment,316.36
13,2025-03-22,Bills,252.85
13,2025-03-17,Travel,308.67
13,2025-03-15,Travel,324.58
13,2025-03-07,Grocery,583.62
13,2025-03-15,Shopping,241.25
13,2025-03-14,Shopping,86.63
13,2025-03-09,Travel,502.97
13,2025-03-07,Travel,489.26
13,2025-03-05,Grocery,120.79
13,2025-03-13,Rent,2575.29
13,2025-03-23,Shopping,533.49
13,2025-03-22,Entertainment,367.97
13,2025-03-12,Grocery,404.05
13,2025-03-09,Dining,69.38
13,2025-03-09,Bills,180.05
13,2025-03-27,Shopping,563.36
13,2025-03-15,Grocery,142.85
13,2025-01-30,Transport,513.79
13,2025-01-30,Grocery,269.18
13,2025-01-30,Entertainment,418.22
13,2025-01-29,Transport,334.1
13,2025-01-29,Grocery,652.51
13,2025-01-30,Shopping,656.23
13,2025-01-29,Rent,2888.73
13,2025-01-30,Dining,672.02
13,2025-01-28,Entertainment,391.07
13,2025-01-30,Bills,98.26
13,2025-01-30,Transport,382.44
13,2025-01-28,Transport,245.29
13,2025-01-28,Travel,196.57
13,2025-01-29,Entertainment,535.68
13,2025-01-29,Dining,628.93
13,2025-01-29,Grocery,223.84
13,2025-01-29,Shopping,86.24
13,2025-01-28,Entertainment,476.75
13,2025-01-28,Shopping,615.22
13,2025-01-29,Grocery,408.8
13,2025-01-20,Entertainment,706.51
13,2025-01-15,Dining,1034.51
13,2025-01-01,Entertainment,394.12
13,2025-01-20,Travel,674.88
13,2025-01-26,Grocery,938.94
13,2025-01-11,Grocery,469.8
13,2025-01-10,Grocery,195.21
13,2025-01-13,Shopping,258.54
13,2025-01-16,Transport,924.59
13,2025-01-22,Dining,251.08
13,2025-01-09,Grocery,633.11
13,2025-01-10,Rent,4949.58
13,2025-01-19,Dining,481.47
13,2025-01-16,Travel,952.71
13,2025-01-26,Dining,1079.01
13,2025-01-13,Bills,765.99
13,2025-01-01,Transport,785.02
13,2025-01-04,Grocery,804.16
13,2025-01-09,Entertainment,427.88
13,2025-01-24,Dining,194.56
13,2025-01-10,Dining,340.32
13,2025-01-07,Bills,545.67
13,2025-01-18,Grocery,765.61
13,2025-01-18,Rent,3439.94
13,2025-01-12,Travel,681.39
13,2025-01-18,Entertainment,995.54
13,2025-01-20,Shopping,996.95
13,2024-12-11,Shopping,318.75
13,2024-12-17,Entertainment,561.21
13,2024-12-22,Travel,429.65
13,2024-12-09,Entertainment,612.51
13,2024-12-11,Shopping,118.4
13,2024-12-22,Grocery,383.16
13,2024-12-25,Entertainment,389.96
13,2024-12-14,Entertainment,134.88
13,2024-12-24,Travel,134.86
13,2024-12-22,Dining,403.4
13,2024-12-07,Grocery,291.59
13,2024-12-22,Dining,530.19
13,2024-12-17,Dining,358.07
13,2024-12-22,Grocery,562.81
13,2024-12-14,Grocery,356.02
13,2024-12-21,Transport,369.58
13,2024-12-19,Bills,347.1
13,2024-12-23,Dining,620.27
13,2024-12-09,Grocery,265.25
13,2024-12-14,Travel,619.19
13,2024-11-03,Travel,1015.71
13,2024-11-19,Rent,2737.87
13,2024-11-21,Dining,723.3
13,2024-11-16,Entertainment,401.94
13,2024-11-11,Transport,265.52
13,2024-11-04,Transport,175.62
13,2024-11-08,Dining,533.82
13,2024-11-04,Transport,789.35
13,2024-11-19,Grocery,909.45
13,2024-11-09,Entertainment,312.22
13,2024-11-14,Shopping,697.06
13,2024-11-23,Entertainment,382.75
13,2024-11-24,Shopping,565.93
13,2024-11-02,Entertainment,398.54
13,2024-11-27,Entertainment,144.85
13,2024-11-02,Dining,164.55
13,2024-11-14,Bills,554.19
13,2024-11-02,Shopping,266.67
13,2024-11-12,Dining,432.42
13,2024-11-03,Transport,750.3
13,2024-11-10,Travel,103.85
13,2024-11-11,Entertainment,342.86
13,2024-11-20,Grocery,380.49
13,2024-11-04,Travel,945.04
13,2024-11-14,Rent,3888.29
13,2024-11-21,Dining,334.33
14,2025-04-04,Grocery,458.67
14,2025-04-20,Bills,1359.34
14,2025-04-22,Transport,400.17
14,2025-04-27,Travel,244.07
14,2025-04-07,Grocery,627.8
14,2025-04-07,Transport,793.78
14,2025-04-09,Dining,706.98
14,2025-04-17,Rent,5019.95
14,2025-04-03,Bills,913.08
14,2025-04-01,Travel,819.56
14,2025-04-19,Entertainment,216.35
14,2025-04-15,Rent,3890.75
14,2025-04-23,Grocery,890.34
14,2025-04-20,Rent,4672.1
14,2025-04-16,Travel,786.49
14,2025-04-03,Shopping,1113.6
14,2025-03-14,Entertainment,319.75
14,2025-03-19,Grocery,101.91
14,2025-03-04,Rent,2161.48
14,2025-03-06,Entertainment,557.55
14,2025-03-02,Dining,579.95
14,2025-03-16,Travel,419.77
14,2025-03-08,Bills,323.3
14,2025-03-16,Travel,224.22
14,2025-03-09,Shopping,609.64
14,2025-03-21,Rent,2830.03
14,2025-03-19,Transport,103.37
14,2025-03-23,Bills,401.84
14,2025-03-16,Dining,405.12
14,2025-03-08,Rent,1913.01
14,2025-03-05,Dining,326.82
14,2025-03-17,Transport,183.98
14,2025-03-26,Bills,237.32
14,2025-03-05,Bills,317.77
14,2025-03-08,Bills,362.89
14,2025-03-16,Entertainment,315.23
14,2025-03-11,Dining,368.51
14,2025-03-14,Entertainment,557.93
14,2025-01-29,Bills,98.03
14,2025-01-29,Rent,1674.71
14,2025-01-30,Shopping,109.98
14,2025-01-30,Dining,95.59
14,2025-01-29,Transport,41.11
14,2025-01-31,Dining,335.42
14,2025-01-28,Bills,55.98
14,2025-01-29,Shopping,283.73
14,2025-01-28,Rent,1732.87
14,2025-01-28,Rent,1222.8
14,2025-01-29,Rent,1571.38
14,2025-01-29,Bills,329.9
14,2025-01-30,Dining,78.21
14,2025-01-30,Entertainment,146.76
14,2025-01-29,Transport,67.15
14,2025-01-29,Grocery,58.0
14,2025-01-29,Rent,1409.69
14,2025-01-24,Bills,593.05
14,2025-01-19,Transport,848.47
14,2025-01-22,Transport,105.58
14,2025-01-07,Rent,2574.6
14,2025-01-25,Shopping,703.94
14,2025-01-12,Transport,804.07
14,2025-01-04,Entertainment,698.21
14,2025-01-04,Rent,3879.85
14,2025-01-27,Travel,278.31
14,2025-01-25,Travel,687.62
14,2025-01-11,Dining,362.75
14,2025-01-08,Dining,733.81
14,2025-01-26,Rent,2593.13
14,2025-01-09,Travel,485.04
14,2025-01-26,Dining,862.63
14,2025-01-12,Shopping,885.47
14,2025-01-08,Entertainment,723.9
14,2025-01-03,Entertainment,920.97
14,2025-01-06,Grocery,218.16
14,2025-01-16,Dining,218.88
14,2025-01-06,Travel,816.31
14,2025-01-27,Grocery,914.6
14,2024-12-25,Rent,2226.96
14,2024-12-13,Entertainment,696.92
14,2024-12-20,Travel,177.2
14,2024-12-07,Transport,450.15
14,2024-12-06,Transport,654.44
14,2024-12-08,Shopping,152.4
14,2024-12-06,Rent,3145.94
14,2024-12-07,Travel,103.85
14,2024-12-22,Grocery,734.12
14,2024-12-05,Entertainment,675.84
14,2024-12-13,Dining,89.69
14,2024-12-21,Dining,456.02
14,2024-12-17,Shopping,400.68
14,2024-12-23,Travel,586.61
14,2024-12-07,Bills,515.03
14,2024-12-09,Travel,758.07
14,2024-12-24,Transport,634.93
14,2024-12-13,Transport,492.47
14,2024-12-25,Travel,248.96
14,2024-12-12,Bills,432.48
14,2024-12-19,Entertainment,519.29
14,2024-12-25,Transport,521.13
14,2024-12-25,Transport,116.88
14,2024-12-18,Dining,151.08
14,2024-12-13,Rent,3724.89
14,2024-11-05,Entertainment,543.81
14,2024-11-11,Rent,2920.76
14,2024-11-07,Grocery,388.73
14,2024-11-04,Entertainment,576.18
14,2024-11-20,Rent,2989.95
14,2024-11-26,Entertainment,642.51
14,2024-11-05,Bills,259.58
14,2024-11-28,Dining,336.52
14,2024-11-11,Entertainment,428.77
14,2024-11-18,Dining,111.41
14,2024-11-12,Bills,184.17
14,2024-11-22,Grocery,123.6
14,2024-11-27,Grocery,343.39
14,2024-11-10,Bills,460.26
14,2024-11-09,Grocery,526.6
14,2024-11-03,Shopping,235.88
14,2024-11-02,Entertainment,381.08
14,2024-11-20,Shopping,218.63
14,2024-11-20,Travel,612.96
14,2024-11-25,Bills,290.18
14,2024-11-13,Grocery,568.53
14,2024-11-07,Travel,441.62
14,2024-11-02,Bills,226.58
14,2024-11-19,Travel,654.75
14,2024-11-14,Travel,240.16
15,2025-04-22,Dining,368.02
15,2025-04-24,Grocery,985.9
15,2025-04-22,Bills,506.84
15,2025-04-26,Bills,667.81
15,2025-04-21,Transport,413.52
15,2025-04-07,Shopping,287.89
15,2025-04-15,Grocery,899.67
15,2025-04-03,Travel,598.01
15,2025-04-18,Dining,624.96
15,2025-04-05,Entertainment,195.32
15,2025-04-25,Rent,5406.37
15,2025-04-24,Bills,478.46
15,2025-04-11,Rent,3099.66
15,2025-04-22,Shopping,1107.15
15,2025-04-11,Bills,561.41
15,2025-04-11,Travel,436.79
15,2025-04-12,Grocery,649.45
15,2025-04-13,Bills,395.13
15,2025-04-26,Bills,531.82
15,2025-04-01,Transport,616.38
15,2025-04-07,Entertainment,273.94
15,2025-04-07,Transport,170.75
15,2025-04-25,Grocery,526.72
15,2025-03-18,Grocery,690.9
15,2025-03-20,Travel,885.02
15,2025-03-10,Travel,101.86
15,2025-03-09,Rent,3029.27
15,2025-03-24,Travel,347.4
15,2025-03-06,Dining,790.74
15,2025-03-22,Grocery,135.78
15,2025-03-23,Transport,189.01
15,2025-03-26,Rent,4632.24
15,2025-03-07,Entertainment,576.74
15,2025-03-08,Transport,942.1
15,2025-03-02,Travel,547.8
15,2025-03-22,Shopping,171.79
15,2025-03-15,Entertainment,199.01
15,2025-03-12,Rent,4755.91
15,2025-01-28,Bills,244.38
15,2025-01-30,Rent,1441.34
15,2025-01-29,Bills,282.26
15,2025-01-28,Shopping,193.73
15,2025-01-30,Dining,300.46
15,2025-01-30,Shopping,136.79
15,2025-01-29,Grocery,190.48
15,2025-01-28,Entertainment,307.48
15,2025-01-29,Transport,255.49
15,2025-01-28,Grocery,158.62
15,2025-01-30,Grocery,240.44
15,2025-01-28,Grocery,186.96
15,2025-01-28,Dining,304.55
15,2025-01-30,Rent,1147.56
15,2025-01-29,Rent,1174.59
15,2025-01-30,Transport,100.01
15,2025-01-28,Travel,55.32
15,2025-01-29,Rent,1011.81
15,2025-01-29,Bills,87.15
15,2025-01-28,Grocery,121.49
15,2025-01-29,Bills,240.14
15,2025-01-28,Rent,1565.16
15,2025-01-29,Entertainment,279.58
15,2025-01-28,Rent,1561.33
15,2025-01-23,Bills,860.9
15,2025-01-18,Transport,549.39
15,2025-01-27,Shopping,748.37
15,2025-01-07,Bills,680.83
15,2025-01-15,Transport,242.3
15,2025-01-24,Dining,915.76
15,2025-01-04,Entertainment,266.87
15,2025-01-22,Bills,1168.41
15,2025-01-11,Travel,1100.98
15,2025-01-18,Travel,524.14
15,2025-01-24,Rent,5703.67
15,2025-01-10,Dining,1092.1
15,2025-01-15,Transport,376.33
15,2025-01-03,Dining,859.8
15,2025-01-07,Shopping,162.84
15,2025-01-15,Rent,3066.38
15,2025-01-16,Transport,1005.15
15,2025-01-05,Bills,324.72
15,2025-01-16,Travel,895.52
15,2024-12-08,Dining,1979.63
15,2024-12-05,Shopping,1947.95
15,2024-12-26,Dining,1953.91
15,2024-12-20,Travel,1692.33
15,2024-12-13,Shopping,210.35
15,2024-12-18,Grocery,753.64
15,2024-12-25,Transport,1345.41
15,2024-12-24,Entertainment,223.58
15,2024-12-16,Transport,1017.09
15,2024-12-06,Grocery,1453.62
15,2024-12-04,Grocery,519.85
15,2024-12-24,Entertainment,1297.3
15,2024-12-15,Transport,1696.13
15,2024-12-12,Grocery,332.68
15,2024-12-03,Transport,823.72
15,2024-11-25,Rent,4959.01
15,2024-11-16,Bills,315.47
15,2024-11-03,Rent,4803.18
15,2024-11-08,Travel,484.71
15,2024-11-19,Shopping,388.49
15,2024-11-16,Dining,271.87
15,2024-11-20,Grocery,998.51
15,2024-11-13,Dining,232.92
15,2024-11-09,Shopping,521.35
15,2024-11-15,Entertainment,557.36
15,2024-11-18,Bills,768.94
15,2024-11-23,Rent,3842.32
15,2024-11-18,Grocery,572.56
15,2024-11-13,Transport,991.03
15,2024-11-04,Bills,780.97
16,2025-04-19,Grocery,688.8
16,2025-04-11,Shopping,127.73
16,2025-04-11,Entertainment,286.02
16,2025-04-18,Bills,169.56
16,2025-04-27,Bills,211.92
16,2025-04-22,Rent,3539.74
16,2025-04-15,Dining,496.53
16,2025-04-26,Shopping,780.58
16,2025-04-08,Dining,387.61
16,2025-04-11,Shopping,612.55
16,2025-04-24,Transport,430.98
16,2025-04-14,Travel,558.75
16,2025-04-08,Bills,469.0
16,2025-04-21,Bills,448.37
16,2025-04-21,Grocery,764.03
16,2025-04-11,Grocery,212.23
16,2025-04-04,Grocery,643.74
16,2025-04-02,Dining,437.71
16,2025-04-03,Bills,194.8
16,2025-04-08,Entertainment,652.65
16,2025-04-26,Dining,656.61
16,2025-03-08,Transport,735.74
16,2025-03-13,Transport,243.78
16,2025-03-12,Entertainment,682.68
16,2025-03-23,Bills,268.04
16,2025-03-27,Bills,638.43
16,2025-03-17,Rent,5182.01
16,2025-03-25,Dining,1156.15
16,2025-03-16,Transport,412.89
16,2025-03-02,Entertainment,484.43
16,2025-03-23,Transport,283.11
16,2025-03-04,Rent,5078.75
16,2025-03-09,Travel,433.08
16,2025-03-10,Transport,371.21
16,2025-03-22,Transport,1215.63
16,2025-03-14,Rent,4890.92
16,2025-03-11,Bills,470.17
16,2025-03-23,Travel,345.81
16,2025-03-19,Grocery,360.99
16,2025-01-28,Rent,4960.3
16,2025-01-28,Grocery,620.55
16,2025-01-29,Bills,416.9
16,2025-01-29,Grocery,705.32
16,2025-01-28,Entertainment,609.18
16,2025-01-28,Bills,312.31
16,2025-01-29,Dining,275.27
16,2025-01-30,Dining,242.53
16,2025-01-28,Transport,863.79
16,2025-01-29,Grocery,926.0
16,2025-01-29,Travel,304.2
16,2025-01-30,Transport,328.96
16,2025-01-30,Dining,637.08
16,2025-01-28,Grocery,369.09
16,2025-01-29,Dining,149.31
16,2025-01-28,Entertainment,949.68
16,2025-01-29,Entertainment,1146.24
16,2025-01-28,Transport,226.22
16,2025-01-29,Bills,387.97
16,2025-01-28,Shopping,275.92
16,2025-01-31,Shopping,933.84
16,2025-01-29,Bills,855.18
16,2025-01-28,Bills,216.5
16,2025-01-29,Transport,828.36
16,2025-01-29,Bills,639.01
16,2025-01-30,Transport,730.48
16,2025-01-19,Entertainment,59.06
16,2025-01-24,Transport,64.38
16,2025-01-09,Dining,514.82
16,2025-01-16,Dining,388.54
16,2025-01-18,Shopping,286.4
16,2025-01-15,Rent,1947.37
16,2025-01-25,Rent,2554.43
16,2025-01-05,Travel,463.52
16,2025-01-08,Grocery,473.55
16,2025-01-09,Dining,150.89
16,2025-01-12,Travel,309.51
16,2025-01-26,Grocery,243.77
16,2025-01-22,Transport,327.44
16,2025-01-04,Grocery,514.63
16,2025-01-18,Dining,411.14
16,2025-01-20,Shopping,83.09
16,2025-01-16,Shopping,430.9
16,2025-01-23,Shopping,219.78
16,2025-01-10,Bills,437.47
16,2024-12-05,Bills,232.89
16,2024-12-24,Transport,536.47
16,2024-12-13,Shopping,106.71
16,2024-12-12,Transport,598.34
16,2024-12-02,Travel,143.62
16,2024-12-18,Bills,364.05
16,2024-12-18,Shopping,634.25
16,2024-12-27,Rent,3588.84
16,2024-12-21,Travel,101.25
16,2024-12-25,Transport,608.39
16,2024-12-23,Bills,447.41
16,2024-12-22,Entertainment,226.69
16,2024-12-12,Grocery,336.81
16,2024-12-09,Dining,175.56
16,2024-12-27,Bills,266.51
16,2024-12-12,Dining,278.8
16,2024-12-15,Dining,414.14
16,2024-12-17,Shopping,90.09
16,2024-12-17,Entertainment,226.53
16,2024-12-27,Travel,159.62
16,2024-12-20,Travel,161.78
16,2024-12-24,Rent,2495.1
16,2024-12-06,Travel,126.0
16,2024-11-26,Transport,341.66
16,2024-11-24,Dining,300.63
16,2024-11-10,Rent,1592.15
16,2024-11-06,Travel,136.38
16,2024-11-19,Shopping,70.93
16,2024-11-17,Shopping,430.51
16,2024-11-06,Dining,212.13
16,2024-11-09,Rent,2538.97
16,2024-11-11,Entertainment,154.42
16,2024-11-26,Shopping,81.74
16,2024-11-26,Entertainment,412.11
16,2024-11-16,Dining,314.84
16,2024-11-14,Rent,2550.73
16,2024-11-14,Dining,247.9
16,2024-11-05,Dining,144.42
16,2024-11-26,Travel,343.14
16,2024-11-04,Grocery,340.77
16,2024-11-19,Travel,510.72
16,2024-11-09,Entertainment,498.47
16,2024-11-19,Bills,93.62
16,2024-11-08,Grocery,352.82
16,2024-11-06,Shopping,209.87
16,2024-11-15,Rent,1772.15
16,2024-11-25,Rent,1815.02
16,2024-11-06,Entertainment,61.48
16,2024-11-16,Grocery,232.21
17,2025-04-23,Entertainment,199.69
17,2025-04-19,Bills,162.99
17,2025-04-02,Travel,202.5
17,2025-04-03,Travel,218.19
17,2025-04-07,Bills,326.48
17,2025-04-01,Entertainment,113.34
17,2025-04-17,Bills,365.48
17,2025-04-12,Rent,1522.72
17,2025-04-05,Transport,70.73
17,2025-04-17,Transport,90.54
17,2025-04-10,Transport,40.14
17,2025-04-24,Travel,231.08
17,2025-04-16,Bills,273.29
17,2025-04-01,Grocery,333.55
17,2025-04-19,Bills,124.59
17,2025-04-24,Grocery,243.43
17,2025-04-22,Rent,1147.74
17,2025-04-02,Dining,313.04
17,2025-04-10,Bills,98.68
17,2025-04-18,Transport,246.55
17,2025-04-24,Travel,320.33
17,2025-04-11,Entertainment,215.79
17,2025-04-14,Grocery,113.93
17,2025-04-17,Travel,102.07
17,2025-03-17,Dining,271.67
17,2025-03-18,Grocery,236.23
17,2025-03-11,Shopping,303.33
17,2025-03-03,Transport,195.17
17,2025-03-02,Shopping,319.85
17,2025-03-15,Entertainment,118.49
17,2025-03-09,Rent,1628.13
17,2025-03-04,Bills,231.9
17,2025-03-11,Bills,330.89
17,2025-03-03,Travel,58.53
17,2025-03-24,Rent,1586.45
17,2025-03-16,Travel,240.92
17,2025-03-20,Grocery,315.5
17,2025-03-14,Bills,64.6
17,2025-03-16,Travel,131.79
17,2025-03-21,Shopping,349.36
17,2025-03-13,Travel,182.49
17,2025-03-09,Travel,154.4
17,2025-03-03,Grocery,51.29
17,2025-03-21,Transport,341.02
17,2025-03-26,Rent,1603.28
17,2025-03-04,Shopping,98.24
17,2025-03-02,Grocery,214.66
17,2025-01-28,Shopping,386.65
17,2025-01-28,Dining,384.16
17,2025-01-31,Dining,156.07
17,2025-01-28,Rent,1669.28
17,2025-01-29,Shopping,253.18
17,2025-01-28,Rent,1398.47
17,2025-01-29,Travel,282.35
17,2025-01-30,Rent,1444.76
17,2025-01-29,Bills,318.66
17,2025-01-30,Transport,299.65
17,2025-01-28,Travel,57.16
17,2025-01-28,Shopping,59.52
17,2025-01-28,Rent,1313.29
17,2025-01-30,Transport,62.96
17,2025-01-30,Shopping,150.56
17,2025-01-29,Rent,1345.82
17,2025-01-30,Bills,237.6
17,2025-01-30,Grocery,144.36
17,2025-01-30,Dining,241.61
17,2025-01-28,Bills,64.21
17,2025-01-29,Dining,432.62
17,2025-01-24,Shopping,140.15
17,2025-01-12,Grocery,293.68
17,2025-01-18,Rent,3558.76
17,2025-01-13,Entertainment,176.74
17,2025-01-26,Bills,979.99
17,2025-01-21,Entertainment,363.92
17,2025-01-17,Transport,932.07
17,2025-01-15,Bills,204.02
17,2025-01-21,Shopping,1045.49
17,2025-01-15,Bills,498.47
17,2025-01-18,Transport,1269.48
17,2025-01-14,Travel,1043.84
17,2025-01-12,Entertainment,757.92
17,2025-01-03,Bills,855.85
17,2025-01-15,Travel,131.69
17,2025-01-09,Rent,5482.74
17,2025-01-08,Shopping,265.43
17,2025-01-05,Bills,971.9
17,2025-01-26,Dining,529.16
17,2025-01-27,Dining,786.2
17,2025-01-05,Shopping,597.4
17,2025-01-12,Transport,323.53
17,2025-01-10,Grocery,660.65
17,2024-12-16,Transport,334.33
17,2024-12-21,Bills,259.39
17,2024-12-10,Grocery,506.94
17,2024-12-20,Bills,68.84
17,2024-12-18,Rent,2240.91
17,2024-12-14,Grocery,196.86
17,2024-12-22,Grocery,68.94
17,2024-12-06,Transport,561.68
17,2024-12-19,Shopping,551.04
17,2024-12-11,Transport,528.29
17,2024-12-15,Rent,2423.69
17,2024-12-04,Dining,344.41
17,2024-12-18,Bills,153.39
17,2024-12-09,Bills,578.74
17,2024-12-19,Bills,518.15
17,2024-12-22,Travel,372.85
17,2024-12-06,Rent,1954.46
17,2024-12-07,Rent,2851.54
17,2024-12-14,Travel,551.88
17,2024-12-17,Transport,392.81
17,2024-12-09,Transport,342.74
17,2024-12-11,Rent,2173.21
17,2024-12-16,Transport,414.52
17,2024-12-12,Shopping,99.51
17,2024-12-11,Bills,240.56
17,2024-12-04,Dining,111.21
17,2024-12-21,Grocery,519.41
17,2024-12-09,Shopping,322.36
17,2024-11-16,Rent,1737.76
17,2024-11-21,Bills,285.13
17,2024-11-07,Travel,347.18
17,2024-11-03,Dining,304.64
17,2024-11-06,Travel,158.7
17,2024-11-16,Bills,301.19
17,2024-11-06,Shopping,157.56
17,2024-11-21,Shopping,306.7
17,2024-11-02,Transport,191.42
17,2024-11-26,Dining,167.47
17,2024-11-06,Shopping,104.76
17,2024-11-02,Bills,185.6
17,2024-11-08,Dining,290.43
17,2024-11-22,Shopping,229.7
17,2024-11-15,Entertainment,151.93
17,2024-11-27,Rent,1209.37
17,2024-11-11,Grocery,336.4
17,2024-11-11,Shopping,296.91
17,2024-11-25,Rent,1196.31
17,2024-11-17,Rent,1172.21
17,2024-11-14,Bills,305.8
17,2024-11-04,Grocery,350.33
17,2024-11-20,Grocery,219.53
17,2024-11-18,Dining,113.51
17,2024-11-02,Transport,103.9
17,2024-11-21,Travel,205.83
17,2024-11-26,Travel,159.32
17,2024-11-17,Grocery,36.26
17,2024-11-25,Bills,311.94
18,2025-04-15,Bills,273.36
18,2025-04-08,Transport,1237.65
18,2025-04-26,Travel,917.79
18,2025-04-15,Dining,1529.77
18,2025-04-22,Shopping,1429.88
18,2025-04-08,Entertainment,1166.65
18,2025-04-14,Travel,1199.05
18,2025-04-25,Rent,7079.98
18,2025-04-24,Grocery,1054.68
18,2025-04-13,Bills,778.42
18,2025-04-01,Transport,717.78
18,2025-04-07,Dining,1403.17
18,2025-04-24,Transport,419.9
18,2025-04-24,Entertainment,1477.44
18,2025-04-05,Transport,376.44
18,2025-04-19,Bills,486.82
18,2025-04-06,Dining,435.66
18,2025-04-06,Bills,1354.63
18,2025-04-18,Grocery,1510.26
18,2025-03-05,Rent,2784.62
18,2025-03-27,Grocery,771.59
18,2025-03-07,Travel,198.22
18,2025-03-13,Travel,331.09
18,2025-03-05,Grocery,445.29
18,2025-03-18,Travel,546.95
18,2025-03-25,Rent,4593.29
18,2025-03-13,Transport,637.42
18,2025-03-12,Dining,590.71
18,2025-03-16,Rent,3195.63
18,2025-03-17,Rent,3106.02
18,2025-03-04,Grocery,428.3
18,2025-03-18,Transport,512.69
18,2025-03-27,Entertainment,775.15
18,2025-03-21,Transport,503.26
18,2025-03-27,Rent,2905.77
18,2025-03-23,Grocery,208.79
18,2025-01-29,Bills,694.56
18,2025-01-30,Bills,847.12
18,2025-01-29,Entertainment,382.46
18,2025-01-30,Bills,303.44
18,2025-01-29,Rent,2348.7
18,2025-01-29,Entertainment,776.6
18,2025-01-28,Grocery,445.93
18,2025-01-28,Rent,3521.57
18,2025-01-30,Bills,541.99
18,2025-01-29,Grocery,443.44
18,2025-01-30,Shopping,388.55
18,2025-01-30,Bills,223.62
18,2025-01-29,Shopping,336.27
18,2025-01-28,Shopping,707.2
18,2025-01-30,Shopping,160.85
18,2025-01-29,Entertainment,787.88
18,2025-01-31,Shopping,882.48
18,2025-01-28,Transport,620.06
18,2025-01-29,Transport,846.38
18,2025-01-28,Shopping,430.95
18,2025-01-30,Shopping,158.62
18,2025-01-29,Bills,647.99
18,2025-01-30,Dining,864.09
18,2025-01-30,Travel,816.29
18,2025-01-28,Bills,748.54
18,2025-01-30,Shopping,259.66
18,2025-01-28,Bills,264.74
18,2025-01-29,Shopping,129.82
18,2025-01-30,Entertainment,152.5
18,2025-01-11,Bills,110.68
18,2025-01-08,Shopping,394.53
18,2025-01-03,Travel,434.02
18,2025-01-21,Rent,1594.56
18,2025-01-26,Shopping,522.2
18,2025-01-13,Transport,273.85
18,2025-01-24,Dining,174.24
18,2025-01-27,Transport,86.52
18,2025-01-22,Rent,2723.59
18,2025-01-17,Rent,2362.66
18,2025-01-11,Travel,279.38
18,2025-01-11,Travel,441.17
18,2025-01-08,Travel,68.17
18,2025-01-08,Rent,1610.06
18,2025-01-11,Rent,2502.47
18,2025-01-04,Rent,2089.56
18,2025-01-09,Entertainment,125.62
18,2024-12-04,Bills,505.41
18,2024-12-20,Dining,803.16
18,2024-12-17,Rent,2932.77
18,2024-12-23,Bills,682.19
18,2024-12-11,Bills,547.56
18,2024-12-19,Rent,3953.69
18,2024-12-22,Entertainment,274.49
18,2024-12-13,Dining,87.44
18,2024-12-27,Entertainment,815.84
18,2024-12-06,Travel,683.48
18,2024-12-04,Shopping,113.72
18,2024-12-08,Entertainment,561.55
18,2024-12-05,Transport,475.57
18,2024-12-20,Entertainment,281.64
18,2024-12-16,Grocery,604.03
18,2024-12-09,Shopping,253.93
18,2024-12-16,Shopping,445.27
18,2024-12-20,Dining,150.58
18,2024-12-06,Grocery,90.06
18,2024-12-10,Grocery,542.71
18,2024-12-18,Bills,140.11
18,2024-12-18,Grocery,807.92
18,2024-12-26,Travel,744.32
18,2024-12-24,Dining,93.76
18,2024-12-26,Rent,3739.5
18,2024-12-18,Travel,715.59
18,2024-11-18,Transport,177.55
18,2024-11-21,Shopping,357.41
18,2024-11-19,Bills,242.79
18,2024-11-04,Travel,196.42
18,2024-11-08,Entertainment,246.25
18,2024-11-23,Rent,1251.54
18,2024-11-07,Rent,1843.13
18,2024-11-06,Dining,288.46
18,2024-11-17,Rent,1157.18
18,2024-11-13,Grocery,237.12
18,2024-11-18,Transport,345.91
18,2024-11-25,Bills,322.68
18,2024-11-05,Entertainment,183.75
18,2024-11-27,Travel,383.71
18,2024-11-19,Bills,40.24
18,2024-11-18,Grocery,141.68
18,2024-11-06,Rent,1627.93
18,2024-11-15,Transport,257.93
18,2024-11-27,Grocery,298.74
18,2024-11-03,Travel,55.99
18,2024-11-25,Travel,382.33
18,2024-11-21,Entertainment,314.57
18,2024-11-11,Entertainment,194.51
18,2024-11-22,Transport,82.05
18,2024-11-20,Bills,164.84
18,2024-11-23,Entertainment,41.62
18,2024-11-21,Entertainment,331.76
18,2024-11-14,Transport,133.72
18,2024-11-27,Shopping,253.64
19,2025-04-21,Shopping,210.99
19,2025-04-04,Bills,734.38
19,2025-04-09,Entertainment,352.77
19,2025-04-20,Rent,4266.53
19,2025-04-08,Entertainment,872.23
19,2025-04-21,Travel,206.92
19,2025-04-22,Travel,407.72
19,2025-04-24,Dining,1038.12
19,2025-04-01,Dining,743.24
19,2025-04-10,Entertainment,606.96
19,2025-04-09,Dining,1235.61
19,2025-04-18,Dining,224.27
19,2025-04-20,Shopping,329.72
19,2025-04-01,Travel,1024.38
19,2025-04-10,Dining,376.09
19,2025-04-25,Bills,745.0
19,2025-04-27,Entertainment,211.72
19,2025-04-15,Travel,981.97
19,2025-04-09,Entertainment,908.42
19,2025-04-24,Grocery,637.23
19,2025-04-05,Dining,414.04
19,2025-04-01,Entertainment,1093.81
19,2025-04-06,Transport,799.51
19,2025-03-14,Grocery,560.7
19,2025-03-02,Transport,826.87
19,2025-03-06,Rent,3864.04
19,2025-03-11,Transport,164.84
19,2025-03-04,Entertainment,195.14
19,2025-03-07,Transport,956.16
19,2025-03-15,Transport,226.72
19,2025-03-19,Bills,266.05
19,2025-03-14,Dining,865.14
19,2025-03-18,Grocery,487.0
19,2025-03-10,Rent,2524.07
19,2025-03-13,Transport,845.93
19,2025-03-15,Grocery,342.27
19,2025-03-25,Travel,335.18
19,2025-03-07,Travel,451.78
19,2025-03-16,Entertainment,211.14
19,2025-03-11,Rent,2933.51
19,2025-03-15,Travel,400.51
19,2025-03-07,Travel,140.33
19,2025-03-10,Rent,3079.2
19,2025-03-23,Bills,621.93
19,2025-03-25,Shopping,514.26
19,2025-01-28,Bills,501.28
19,2025-01-28,Entertainment,762.96
19,2025-01-28,Entertainment,82.44
19,2025-01-30,Bills,573.75
19,2025-01-28,Entertainment,235.58
19,2025-01-30,Grocery,669.1
19,2025-01-28,Shopping,695.7
19,2025-01-29,Rent,3245.59
19,2025-01-28,Dining,100.72
19,2025-01-29,Rent,2902.03
19,2025-01-30,Grocery,437.11
19,2025-01-29,Bills,736.61
19,2025-01-28,Entertainment,548.99
19,2025-01-29,Rent,3674.96
19,2025-01-29,Grocery,473.05
19,2025-01-30,Dining,386.7
19,2025-01-30,Bills,398.63
19,2025-01-29,Entertainment,682.57
19,2025-01-30,Bills,769.14
19,2025-01-28,Grocery,244.4
19,2025-01-28,Grocery,224.13
19,2025-01-29,Dining,693.29
19,2025-01-29,Entertainment,132.01
19,2025-01-30,Grocery,139.07
19,2025-01-30,Transport,415.96
19,2025-01-29,Travel,131.51
19,2025-01-17,Shopping,35.72
19,2025-01-19,Entertainment,244.53
19,2025-01-19,Rent,1768.94
19,2025-01-22,Grocery,136.66
19,2025-01-23,Entertainment,151.13
19,2025-01-11,Shopping,200.44
19,2025-01-27,Rent,1614.24
19,2025-01-02,Shopping,57.15
19,2025-01-10,Entertainment,137.24
19,2025-01-16,Entertainment,119.74
19,2025-01-20,Entertainment,77.24
19,2025-01-21,Grocery,295.59
19,2025-01-18,Shopping,72.06
19,2025-01-16,Rent,1094.7
19,2025-01-12,Shopping,236.83
19,2025-01-21,Rent,956.68
19,2025-01-10,Transport,180.91
19,2025-01-09,Grocery,211.06
19,2025-01-13,Shopping,224.16
19,2025-01-10,Grocery,122.51
19,2025-01-01,Bills,292.23
19,2025-01-14,Entertainment,236.55
19,2024-12-25,Shopping,453.22
19,2024-12-14,Grocery,238.72
19,2024-12-04,Grocery,490.72
19,2024-12-27,Grocery,617.81
19,2024-12-07,Entertainment,382.64
19,2024-12-03,Shopping,393.74
19,2024-12-16,Bills,519.26
19,2024-12-06,Travel,329.67
19,2024-12-02,Shopping,424.85
19,2024-12-18,Dining,627.84
19,2024-12-27,Rent,2818.29
19,2024-12-11,Shopping,183.93
19,2024-12-09,Bills,449.36
19,2024-12-20,Bills,77.06
19,2024-12-20,Grocery,462.32
19,2024-12-04,Transport,266.7
19,2024-12-11,Entertainment,616.91
19,2024-12-09,Grocery,511.7
19,2024-12-10,Shopping,575.3
19,2024-12-03,Travel,671.58
19,2024-12-26,Entertainment,302.56
19,2024-12-23,Entertainment,562.57
19,2024-12-14,Bills,284.7
19,2024-11-06,Travel,559.99
19,2024-11-23,Shopping,442.76
19,2024-11-25,Transport,753.32
19,2024-11-14,Grocery,144.74
19,2024-11-02,Bills,1226.55
19,2024-11-02,Grocery,1169.82
19,2024-11-06,Shopping,1097.74
19,2024-11-03,Rent,5388.89
19,2024-11-23,Rent,6289.74
19,2024-11-12,Shopping,283.92
19,2024-11-02,Dining,200.62
19,2024-11-17,Shopping,1249.28
19,2024-11-24,Travel,984.71
19,2024-11-20,Travel,232.06
19,2024-11-02,Shopping,654.27
19,2024-11-05,Dining,909.65
19,2024-11-09,Bills,1093.33
19,2024-11-02,Shopping,1192.82
19,2024-11-16,Entertainment,250.59
19,2024-11-04,Entertainment,618.02
20,2025-04-18,Grocery,582.82
20,2025-04-18,Bills,522.12
20,2025-04-22,Grocery,145.63
20,2025-04-08,Transport,304.42
20,2025-04-19,Dining,445.8
20,2025-04-22,Transport,184.33
20,2025-04-17,Transport,518.15
20,2025-04-27,Bills,86.31
20,2025-04-01,Grocery,99.96
20,2025-04-24,Entertainment,659.03
20,2025-04-06,Bills,558.66
20,2025-04-25,Dining,237.57
20,2025-04-07,Entertainment,212.29
20,2025-04-08,Rent,2486.61
20,2025-04-12,Grocery,529.93
20,2025-04-04,Dining,348.74
20,2025-04-18,Dining,416.56
20,2025-04-12,Travel,449.27
20,2025-04-21,Rent,2703.63
20,2025-04-21,Travel,271.79
20,2025-04-18,Rent,3272.35
20,2025-04-04,Dining,530.89
20,2025-04-25,Entertainment,159.44
20,2025-04-19,Dining,407.08
20,2025-03-06,Entertainment,186.99
20,2025-03-05,Transport,121.82
20,2025-03-05,Grocery,131.6
20,2025-03-10,Rent,839.42
20,2025-03-09,Rent,914.88
20,2025-03-15,Rent,1051.54
20,2025-03-15,Bills,211.45
20,2025-03-23,Transport,140.11
20,2025-03-13,Grocery,257.56
20,2025-03-21,Rent,1001.37
20,2025-03-02,Bills,165.94
20,2025-03-23,Shopping,177.76
20,2025-03-08,Shopping,87.99
20,2025-03-02,Bills,253.55
20,2025-03-13,Rent,1483.08
20,2025-03-23,Shopping,108.42
20,2025-03-06,Entertainment,87.87
20,2025-03-03,Dining,259.83
20,2025-03-17,Rent,1065.36
20,2025-03-20,Travel,229.45
20,2025-03-08,Dining,84.23
20,2025-03-02,Rent,869.08
20,2025-01-30,Entertainment,733.59
20,2025-01-28,Travel,474.42
20,2025-01-30,Dining,794.84
20,2025-01-29,Shopping,785.15
20,2025-01-29,Shopping,770.16
20,2025-01-28,Grocery,609.88
20,2025-01-29,Grocery,404.64
20,2025-01-30,Transport,486.08
20,2025-01-30,Grocery,901.41
20,2025-01-28,Dining,929.81
20,2025-01-28,Travel,277.31
20,2025-01-30,Entertainment,288.23
20,2025-01-30,Entertainment,485.67
20,2025-01-28,Shopping,1193.54
20,2025-01-29,Rent,5033.2
20,2025-01-28,Dining,393.12
20,2025-01-30,Grocery,938.98
20,2025-01-28,Transport,687.2
20,2025-01-30,Bills,714.97
20,2025-01-28,Bills,817.98
20,2025-01-29,Transport,948.0
20,2025-01-23,Entertainment,672.34
20,2025-01-02,Entertainment,1446.24
20,2025-01-11,Entertainment,1615.29
20,2025-01-15,Bills,622.38
20,2025-01-15,Rent,7365.27
20,2025-01-14,Entertainment,834.74
20,2025-01-06,Dining,1254.98
20,2025-01-16,Dining,1684.48
20,2025-01-09,Transport,631.78
20,2025-01-27,Transport,1711.61
20,2025-01-10,Travel,488.74
20,2025-01-06,Bills,1341.9
20,2025-01-04,Bills,1436.86
20,2025-01-01,Bills,1358.32
20,2025-01-11,Grocery,947.66
20,2025-01-12,Transport,861.01
20,2024-12-04,Rent,3237.4
20,2024-12-04,Travel,814.54
20,2024-12-06,Entertainment,675.18
20,2024-12-13,Entertainment,788.14
20,2024-12-07,Grocery,694.86
20,2024-12-25,Transport,506.19
20,2024-12-12,Grocery,584.81
20,2024-12-11,Bills,468.16
20,2024-12-23,Dining,126.55
20,2024-12-26,Shopping,646.18
20,2024-12-11,Transport,589.86
20,2024-12-05,Shopping,675.25
20,2024-12-05,Transport,685.73
20,2024-12-22,Rent,3136.76
20,2024-12-21,Travel,133.13
20,2024-12-15,Bills,540.24
20,2024-12-05,Dining,280.52
20,2024-11-03,Bills,125.59
20,2024-11-17,Bills,474.78
20,2024-11-16,Dining,276.29
20,2024-11-25,Entertainment,246.37
20,2024-11-27,Entertainment,97.2
20,2024-11-21,Transport,472.02
20,2024-11-25,Transport,76.98
20,2024-11-05,Entertainment,125.61
20,2024-11-11,Transport,120.33
20,2024-11-14,Dining,288.43
20,2024-11-19,Rent,2351.36
20,2024-11-14,Bills,339.41
20,2024-11-05,Transport,192.16
20,2024-11-22,Rent,1542.66
20,2024-11-06,Grocery,227.83
20,2024-11-22,Transport,183.06
20,2024-11-05,Travel,563.25
20,2024-11-25,Transport,146.78
20,2024-11-15,Dining,67.45
20,2024-11-02,Travel,413.54
20,2024-11-09,Bills,136.49
20,2024-11-04,Rent,2844.32
20,2024-11-12,Dining,278.61
20,2024-11-24,Rent,2530.54
20,2024-11-05,Bills,450.16
20,2024-11-06,Bills,191.54
20,2024-11-22,Dining,412.75
20,2024-11-06,Entertainment,299.11
20,2024-11-10,Bills,545.89
